model,level,scope,distance_version,n,rho,p_value,ci_low,ci_high
overall,row,all_pairs,core,792,-0.22729368849717116,9.710233702358953e-11,-0.2923284785405479,-0.1601662303413951
overall,row,all_pairs,extended,792,-0.1791453743685063,3.880200066089187e-7,-0.24574208104357106,-0.11086542023705888
overall,row,different_species_only,core,756,-0.18331676872349414,3.8728179744104494e-7,-0.2513353625691619,-0.11349645624724347
overall,row,different_species_only,extended,756,-0.12992459715048887,3.414751654661373e-4,-0.1993813499991205,-0.059168898837245736
overall,species_pair,all_pairs,core,450,-0.2470858763982704,1.0995683308148101e-7,-0.3319426915770595,-0.15826215622895878
overall,species_pair,all_pairs,extended,450,-0.21760951118886,3.1727585498588484e-6,-0.3039341918847521,-0.12774061038354903
overall,species_pair,different_species_only,core,432,-0.19821875175473214,3.336335830765092e-5,-0.2871943723278281,-0.10585179870302229
overall,species_pair,different_species_only,extended,432,-0.16590595399450916,5.355336038290189e-4,-0.2562416080156079,-0.07269734618074553
CNN,row,all_pairs,core,132,-0.20329713080583892,0.019389270186314984,-0.3616080756552588,-0.03359158956174043
ResNet,row,all_pairs,core,132,-0.1609909863988403,0.0651683681025986,-0.32297863380347325,0.01016097277357038
HYDRA,row,all_pairs,core,132,-0.23609574849863976,0.006422863137058805,-0.39118683058613357,-0.06796517531524891
MultiRocket,row,all_pairs,core,132,-0.3340269283878257,9.070002539988133e-5,-0.4776377210723035,-0.17303036733625285
RF,row,all_pairs,core,132,-0.32161649950279103,1.6966907498009814e-4,-0.466833899191591,-0.15950999265194638
LGBM,row,all_pairs,core,132,-0.30133795268349167,4.461548630403415e-4,-0.449086759231378,-0.13754790072134263
CNN,row,all_pairs,extended,132,-0.13513114026187073,0.12237844744924964,-0.2990973676007703,0.036586080977515575
ResNet,row,all_pairs,extended,132,-0.10324620580629372,0.23876567310571561,-0.2693665022378203,0.06884071918674209
HYDRA,row,all_pairs,extended,132,-0.17446650888612444,0.04541664163980009,-0.33534189944331116,-0.003704504020491988
MultiRocket,row,all_pairs,extended,132,-0.2657356327141811,0.002072801806714466,-0.41764414981697845,-0.09937552513570551
RF,row,all_pairs,extended,132,-0.269301607862889,0.0017931670334656357,-0.42080996433093887,-0.10317698111018454
LGBM,row,all_pairs,extended,132,-0.26769352536537505,0.0019147263057700196,-0.41938279166756837,-0.10146210713731947
CNN,row,different_species_only,core,126,-0.15902078160138367,0.0753136467945103,-0.32489123038185336,0.01634063398843997
ResNet,row,different_species_only,core,126,-0.10344245112210511,0.24904929548811172,-0.27340274960466127,0.07278128605802829
HYDRA,row,different_species_only,core,126,-0.16372735009304001,0.06696616022355865,-0.32920676066800203,0.011509158093022935
MultiRocket,row,different_species_only,core,126,-0.29322401965109984,8.616631168560363e-4,-0.44529322589049847,-0.12471325738211472
RF,row,different_species_only,core,126,-0.2855458294714717,0.0011908827922546095,-0.4385498417136319,-0.11645513819261659
LGBM,row,different_species_only,core,126,-0.2797406614466864,0.0015119947812286827,-0.43343997971468884,-0.11022699144550466
CNN,row,different_species_only,extended,126,-0.08405186919857197,0.349410101332315,-0.25520692734185046,0.09221066302937382
ResNet,row,different_species_only,extended,126,-0.03923140955736503,0.6627274504348588,-0.21267895939191966,0.13661292706483186
HYDRA,row,different_species_only,extended,126,-0.09452158278205239,0.2924385680532009,-0.2650466249362684,0.08173664649256374
MultiRocket,row,different_species_only,extended,126,-0.21839918587558377,0.014017013529769067,-0.37883479506077017,-0.04521963472913141
RF,row,different_species_only,extended,126,-0.2282265489123713,0.010160430704531955,-0.3876587506801358,-0.05553655978016391
LGBM,row,different_species_only,extended,126,-0.24252034939532252,0.006216730433311098,-0.4004411609751884,-0.07060853682924381
CNN,species_pair,all_pairs,core,75,-0.2336368905076051,0.043655444234243036,-0.4374046292386887,-0.007048820737409539
ResNet,species_pair,all_pairs,core,75,-0.15596187313360899,0.1814916179937115,-0.36983260761024883,0.0736054118568796
HYDRA,species_pair,all_pairs,core,75,-0.19997155049901838,0.08540734611717687,-0.40839788517533776,0.028273513906779606
MultiRocket,species_pair,all_pairs,core,75,-0.3417757679654491,0.0026902192403178765,-0.5277964141978834,-0.12446898963846374
RF,species_pair,all_pairs,core,75,-0.3647695082249065,0.0012928008493267354,-0.5464882670706054,-0.15024637414402753
LGBM,species_pair,all_pairs,core,75,-0.3927575571669564,4.913478631678063e-4,-0.5689983333660876,-0.18202126598809532
CNN,species_pair,all_pairs,extended,75,-0.19362550584820282,0.09601770034289465,-0.4028824396580055,0.03486866376398062
ResNet,species_pair,all_pairs,extended,75,-0.11669038605681299,0.31876154422443137,-0.33478567850604585,0.11327136810008742
HYDRA,species_pair,all_pairs,extended,75,-0.17054639279075243,0.14349227148508373,-0.3826950597699746,0.05868708411526652
MultiRocket,species_pair,all_pairs,extended,75,-0.2933978491027294,0.010627515789358007,-0.48787222560682,-0.07117559513585217
RF,species_pair,all_pairs,extended,75,-0.32805920508790154,0.004061637836911006,-0.5165596113210523,-0.10923031283828029
LGBM,species_pair,all_pairs,extended,75,-0.37761811432285824,8.380354811295195e-4,-0.5568547745180852,-0.16477860353109236
CNN,species_pair,different_species_only,core,72,-0.17504584348271898,0.14137239155514608,-0.39086384798322293,0.05901596519697182
ResNet,species_pair,different_species_only,core,72,-0.08987101923754444,0.45279969619409266,-0.3149815686379135,0.14481257731101507
HYDRA,species_pair,different_species_only,core,72,-0.11669722898847933,0.3289557997342587,-0.3391956059059884,0.11816595364998124
MultiRocket,species_pair,different_species_only,core,72,-0.28968446644714574,0.013579207439474203,-0.4885650411393299,-0.06218949533679121
RF,species_pair,different_species_only,core,72,-0.32217184276422517,0.005782356106136756,-0.5153743592576002,-0.097803018242171455
LGBM,species_pair,different_species_only,core,72,-0.3664962037196068,0.0015436597284818959,-0.5513518732191651,-0.1473374263815531
CNN,species_pair,different_species_only,extended,72,-0.1313647969098538,0.27136099478013176,-0.35231142729961107,0.10345212810810954
ResNet,species_pair,different_species_only,extended,72,-0.04709061280020224,0.6944657612984254,-0.2757508888991726,0.18661379115385127
HYDRA,species_pair,different_species_only,extended,72,-0.08318054965937363,0.48726658171752424,-0.3088965713251515,0.1514056419835692
MultiRocket,species_pair,different_species_only,extended,72,-0.2366753613277924,0.04532282405269495,-0.4439993286419329,-0.005297254255543178
RF,species_pair,different_species_only,extended,72,-0.28190036241869704,0.0164393175284523,-0.48208516626050474,-0.05374152777188236
LGBM,species_pair,different_species_only,extended,72,-0.349898692650683,0.002587773646113915,-0.5379599346312552,-0.12865932860131435
