dataset,model,behavior,support,predicted,true_positive,recall,precision,cross_dataset_f1
Bison_dataset_1,CNN,Resting,4276,5153,4237,0.991,0.822,0.899
Bison_dataset_1,CNN,Locomotion,749,778,449,0.599,0.577,0.588
Bison_dataset_1,CNN,Foraging,2011,1105,778,0.387,0.704,0.499
Bison_dataset_1,ResNet,Resting,4276,4133,3496,0.818,0.846,0.831
Bison_dataset_1,ResNet,Locomotion,749,529,416,0.555,0.786,0.651
Bison_dataset_1,ResNet,Foraging,2011,2374,1270,0.632,0.535,0.579
Bison_dataset_1,HYDRA,Resting,4276,4344,3778,0.884,0.87,0.877
Bison_dataset_1,HYDRA,Locomotion,749,861,502,0.67,0.583,0.624
Bison_dataset_1,HYDRA,Foraging,2011,1831,1168,0.581,0.638,0.608
Bison_dataset_1,MultiRocket,Resting,4276,4503,4020,0.94,0.893,0.916
Bison_dataset_1,MultiRocket,Locomotion,749,915,509,0.68,0.556,0.612
Bison_dataset_1,MultiRocket,Foraging,2011,1618,1173,0.583,0.725,0.646
Bison_dataset_1,RF,Resting,4276,4989,4236,0.991,0.849,0.914
Bison_dataset_1,RF,Locomotion,749,764,388,0.518,0.508,0.513
Bison_dataset_1,RF,Foraging,2011,1283,899,0.447,0.701,0.546
Bison_dataset_1,LGBM,Resting,4276,4959,4229,0.989,0.853,0.916
Bison_dataset_1,LGBM,Locomotion,749,872,450,0.601,0.516,0.555
Bison_dataset_1,LGBM,Foraging,2011,1205,878,0.437,0.729,0.546
Cattle_dataset_1,CNN,Resting,3152,3337,3054,0.969,0.915,0.941
Cattle_dataset_1,CNN,Locomotion,710,74,72,0.101,0.973,0.184
Cattle_dataset_1,CNN,Foraging,426,877,238,0.559,0.271,0.365
Cattle_dataset_1,ResNet,Resting,3152,3284,3050,0.968,0.929,0.948
Cattle_dataset_1,ResNet,Locomotion,710,148,120,0.169,0.811,0.28
Cattle_dataset_1,ResNet,Foraging,426,856,243,0.57,0.284,0.379
Cattle_dataset_1,HYDRA,Resting,3152,2948,2736,0.868,0.928,0.897
Cattle_dataset_1,HYDRA,Locomotion,710,578,333,0.469,0.576,0.517
Cattle_dataset_1,HYDRA,Foraging,426,762,120,0.282,0.157,0.202
Cattle_dataset_1,MultiRocket,Resting,3152,3073,2819,0.894,0.917,0.906
Cattle_dataset_1,MultiRocket,Locomotion,710,345,172,0.242,0.499,0.326
Cattle_dataset_1,MultiRocket,Foraging,426,870,160,0.376,0.184,0.247
Cattle_dataset_1,RF,Resting,3152,3155,3000,0.952,0.951,0.951
Cattle_dataset_1,RF,Locomotion,710,277,182,0.256,0.657,0.369
Cattle_dataset_1,RF,Foraging,426,856,221,0.519,0.258,0.345
Cattle_dataset_1,LGBM,Resting,3152,3130,2977,0.944,0.951,0.948
Cattle_dataset_1,LGBM,Locomotion,710,298,195,0.275,0.654,0.387
Cattle_dataset_1,LGBM,Foraging,426,860,215,0.505,0.25,0.334
Dog_dataset_1,CNN,Resting,2055,1651,1315,0.64,0.796,0.71
Dog_dataset_1,CNN,Locomotion,1671,2098,1351,0.808,0.644,0.717
Dog_dataset_1,CNN,Foraging,1323,1300,491,0.371,0.378,0.374
Dog_dataset_1,ResNet,Resting,2055,1793,1412,0.687,0.788,0.734
Dog_dataset_1,ResNet,Locomotion,1671,1109,945,0.566,0.852,0.68
Dog_dataset_1,ResNet,Foraging,1323,2147,923,0.698,0.43,0.532
Dog_dataset_1,HYDRA,Resting,2055,1858,1479,0.72,0.796,0.756
Dog_dataset_1,HYDRA,Locomotion,1671,1525,1137,0.68,0.746,0.712
Dog_dataset_1,HYDRA,Foraging,1323,1666,718,0.543,0.431,0.48
Dog_dataset_1,MultiRocket,Resting,2055,1694,1441,0.701,0.851,0.769
Dog_dataset_1,MultiRocket,Locomotion,1671,1365,1125,0.673,0.824,0.741
Dog_dataset_1,MultiRocket,Foraging,1323,1990,1019,0.77,0.512,0.615
Dog_dataset_1,RF,Resting,2055,1417,1364,0.664,0.963,0.786
Dog_dataset_1,RF,Locomotion,1671,1771,1401,0.838,0.791,0.814
Dog_dataset_1,RF,Foraging,1323,1861,1057,0.799,0.568,0.664
Dog_dataset_1,LGBM,Resting,2055,1457,1387,0.675,0.952,0.79
Dog_dataset_1,LGBM,Locomotion,1671,1733,1372,0.821,0.792,0.806
Dog_dataset_1,LGBM,Foraging,1323,1859,1061,0.802,0.571,0.667
Dog_dataset_2,CNN,Resting,1159,642,479,0.413,0.746,0.532
Dog_dataset_2,CNN,Locomotion,822,723,436,0.53,0.603,0.564
Dog_dataset_2,CNN,Foraging,406,1022,227,0.559,0.222,0.318
Dog_dataset_2,ResNet,Resting,1159,592,456,0.393,0.77,0.521
Dog_dataset_2,ResNet,Locomotion,822,761,386,0.47,0.507,0.488
Dog_dataset_2,ResNet,Foraging,406,1034,225,0.554,0.218,0.312
Dog_dataset_2,HYDRA,Resting,1159,421,320,0.276,0.76,0.405
Dog_dataset_2,HYDRA,Locomotion,822,841,461,0.561,0.548,0.554
Dog_dataset_2,HYDRA,Foraging,406,1125,245,0.603,0.218,0.32
Dog_dataset_2,MultiRocket,Resting,1159,551,401,0.346,0.728,0.469
Dog_dataset_2,MultiRocket,Locomotion,822,844,455,0.554,0.539,0.546
Dog_dataset_2,MultiRocket,Foraging,406,992,225,0.554,0.227,0.322
Dog_dataset_2,RF,Resting,1159,455,343,0.296,0.754,0.425
Dog_dataset_2,RF,Locomotion,822,983,556,0.676,0.566,0.616
Dog_dataset_2,RF,Foraging,406,949,229,0.564,0.241,0.338
Dog_dataset_2,LGBM,Resting,1159,495,369,0.318,0.745,0.446
Dog_dataset_2,LGBM,Locomotion,822,951,528,0.642,0.555,0.596
Dog_dataset_2,LGBM,Foraging,406,941,223,0.549,0.237,0.331
Fox_dataset_1,CNN,Resting,172,322,150,0.872,0.466,0.607
Fox_dataset_1,CNN,Locomotion,320,155,154,0.481,0.994,0.648
Fox_dataset_1,CNN,Foraging,421,436,262,0.622,0.601,0.611
Fox_dataset_1,ResNet,Resting,172,252,172,1,0.683,0.811
Fox_dataset_1,ResNet,Locomotion,320,212,197,0.616,0.929,0.741
Fox_dataset_1,ResNet,Foraging,421,449,334,0.793,0.744,0.768
Fox_dataset_1,HYDRA,Resting,172,257,161,0.936,0.626,0.751
Fox_dataset_1,HYDRA,Locomotion,320,221,188,0.588,0.851,0.695
Fox_dataset_1,HYDRA,Foraging,421,435,303,0.72,0.697,0.708
Fox_dataset_1,MultiRocket,Resting,172,246,163,0.948,0.663,0.78
Fox_dataset_1,MultiRocket,Locomotion,320,214,182,0.569,0.85,0.682
Fox_dataset_1,MultiRocket,Foraging,421,453,316,0.751,0.698,0.723
Fox_dataset_1,RF,Resting,172,297,166,0.965,0.559,0.708
Fox_dataset_1,RF,Locomotion,320,241,195,0.609,0.809,0.695
Fox_dataset_1,RF,Foraging,421,375,253,0.601,0.675,0.636
Fox_dataset_1,LGBM,Resting,172,273,168,0.977,0.615,0.755
Fox_dataset_1,LGBM,Locomotion,320,261,201,0.628,0.77,0.692
Fox_dataset_1,LGBM,Foraging,421,379,265,0.629,0.699,0.662
Fox_dataset_2,CNN,Resting,37385,26637,26157,0.7,0.982,0.817
Fox_dataset_2,CNN,Locomotion,23696,26167,17160,0.724,0.656,0.688
Fox_dataset_2,CNN,Foraging,7238,15515,3684,0.509,0.237,0.324
Fox_dataset_2,ResNet,Resting,37385,18547,18000,0.481,0.971,0.644
Fox_dataset_2,ResNet,Locomotion,23696,38766,21574,0.91,0.557,0.691
Fox_dataset_2,ResNet,Foraging,7238,11006,3345,0.462,0.304,0.367
Fox_dataset_2,HYDRA,Resting,37385,34875,34159,0.914,0.979,0.945
Fox_dataset_2,HYDRA,Locomotion,23696,24719,20860,0.88,0.844,0.862
Fox_dataset_2,HYDRA,Foraging,7238,8725,3740,0.517,0.429,0.469
Fox_dataset_2,MultiRocket,Resting,37385,29950,28800,0.77,0.962,0.855
Fox_dataset_2,MultiRocket,Locomotion,23696,28303,20167,0.851,0.713,0.776
Fox_dataset_2,MultiRocket,Foraging,7238,10066,3585,0.495,0.356,0.414
Fox_dataset_2,RF,Resting,37385,37131,36629,0.98,0.986,0.983
Fox_dataset_2,RF,Locomotion,23696,26629,22285,0.94,0.837,0.886
Fox_dataset_2,RF,Foraging,7238,4559,2877,0.397,0.631,0.488
Fox_dataset_2,LGBM,Resting,37385,37255,36694,0.982,0.985,0.983
Fox_dataset_2,LGBM,Locomotion,23696,26302,22047,0.93,0.838,0.882
Fox_dataset_2,LGBM,Foraging,7238,4762,2909,0.402,0.611,0.485
Giraffe_dataset_1,CNN,Resting,4236,1580,933,0.22,0.591,0.321
Giraffe_dataset_1,CNN,Locomotion,2418,27,15,0.006,0.556,0.012
Giraffe_dataset_1,CNN,Foraging,4914,9961,4299,0.875,0.432,0.578
Giraffe_dataset_1,ResNet,Resting,4236,2039,1481,0.35,0.726,0.472
Giraffe_dataset_1,ResNet,Locomotion,2418,330,290,0.12,0.879,0.211
Giraffe_dataset_1,ResNet,Foraging,4914,9199,4345,0.884,0.472,0.616
Giraffe_dataset_1,HYDRA,Resting,4236,3330,1800,0.425,0.541,0.476
Giraffe_dataset_1,HYDRA,Locomotion,2418,1050,829,0.343,0.79,0.478
Giraffe_dataset_1,HYDRA,Foraging,4914,7188,3405,0.693,0.474,0.563
Giraffe_dataset_1,MultiRocket,Resting,4236,2920,1933,0.456,0.662,0.54
Giraffe_dataset_1,MultiRocket,Locomotion,2418,790,649,0.268,0.822,0.405
Giraffe_dataset_1,MultiRocket,Foraging,4914,7858,3978,0.81,0.506,0.623
Giraffe_dataset_1,RF,Resting,4236,2706,1785,0.421,0.66,0.514
Giraffe_dataset_1,RF,Locomotion,2418,409,235,0.097,0.575,0.166
Giraffe_dataset_1,RF,Foraging,4914,8453,3917,0.797,0.463,0.586
Giraffe_dataset_1,LGBM,Resting,4236,2963,1852,0.437,0.625,0.515
Giraffe_dataset_1,LGBM,Locomotion,2418,702,474,0.196,0.675,0.304
Giraffe_dataset_1,LGBM,Foraging,4914,7903,3716,0.756,0.47,0.58
Hedgehog_dataset_1,CNN,Resting,651,863,619,0.951,0.717,0.818
Hedgehog_dataset_1,CNN,Locomotion,267,155,122,0.457,0.787,0.578
Hedgehog_dataset_1,CNN,Foraging,119,19,4,0.034,0.211,0.058
Hedgehog_dataset_1,ResNet,Resting,651,848,616,0.946,0.726,0.822
Hedgehog_dataset_1,ResNet,Locomotion,267,183,138,0.517,0.754,0.613
Hedgehog_dataset_1,ResNet,Foraging,119,6,1,0.008,0.167,0.016
Hedgehog_dataset_1,HYDRA,Resting,651,850,619,0.951,0.728,0.825
Hedgehog_dataset_1,HYDRA,Locomotion,267,124,100,0.375,0.806,0.512
Hedgehog_dataset_1,HYDRA,Foraging,119,63,13,0.109,0.206,0.143
Hedgehog_dataset_1,MultiRocket,Resting,651,847,618,0.949,0.73,0.825
Hedgehog_dataset_1,MultiRocket,Locomotion,267,106,86,0.322,0.811,0.461
Hedgehog_dataset_1,MultiRocket,Foraging,119,84,13,0.109,0.155,0.128
Hedgehog_dataset_1,RF,Resting,651,827,612,0.94,0.74,0.828
Hedgehog_dataset_1,RF,Locomotion,267,116,95,0.356,0.819,0.496
Hedgehog_dataset_1,RF,Foraging,119,94,14,0.118,0.149,0.131
Hedgehog_dataset_1,LGBM,Resting,651,829,612,0.94,0.738,0.827
Hedgehog_dataset_1,LGBM,Locomotion,267,113,88,0.33,0.779,0.463
Hedgehog_dataset_1,LGBM,Foraging,119,95,14,0.118,0.147,0.131
Horse_dataset_1,CNN,Resting,983,638,567,0.577,0.889,0.7
Horse_dataset_1,CNN,Locomotion,643,786,617,0.96,0.785,0.864
Horse_dataset_1,CNN,Foraging,2097,2299,1859,0.887,0.809,0.846
Horse_dataset_1,ResNet,Resting,983,1122,950,0.966,0.847,0.903
Horse_dataset_1,ResNet,Locomotion,643,753,625,0.972,0.83,0.895
Horse_dataset_1,ResNet,Foraging,2097,1848,1799,0.858,0.973,0.912
Horse_dataset_1,HYDRA,Resting,983,1211,963,0.98,0.795,0.878
Horse_dataset_1,HYDRA,Locomotion,643,626,486,0.756,0.776,0.766
Horse_dataset_1,HYDRA,Foraging,2097,1886,1712,0.816,0.908,0.86
Horse_dataset_1,MultiRocket,Resting,983,1165,940,0.956,0.807,0.875
Horse_dataset_1,MultiRocket,Locomotion,643,631,500,0.778,0.792,0.785
Horse_dataset_1,MultiRocket,Foraging,2097,1927,1749,0.834,0.908,0.869
Horse_dataset_1,RF,Resting,983,1203,967,0.984,0.804,0.885
Horse_dataset_1,RF,Locomotion,643,685,551,0.857,0.804,0.83
Horse_dataset_1,RF,Foraging,2097,1835,1728,0.824,0.942,0.879
Horse_dataset_1,LGBM,Resting,983,1189,967,0.984,0.813,0.89
Horse_dataset_1,LGBM,Locomotion,643,693,518,0.806,0.747,0.775
Horse_dataset_1,LGBM,Foraging,2097,1841,1702,0.812,0.924,0.864
Horse_dataset_2,CNN,Resting,2331,3073,2192,0.94,0.713,0.811
Horse_dataset_2,CNN,Locomotion,30508,24140,21875,0.717,0.906,0.801
Horse_dataset_2,CNN,Foraging,8158,13784,5251,0.644,0.381,0.479
Horse_dataset_2,ResNet,Resting,2331,2807,2040,0.875,0.727,0.794
Horse_dataset_2,ResNet,Locomotion,30508,29738,27245,0.893,0.916,0.904
Horse_dataset_2,ResNet,Foraging,8158,8452,4979,0.61,0.589,0.6
Horse_dataset_2,HYDRA,Resting,2331,2263,1860,0.798,0.822,0.81
Horse_dataset_2,HYDRA,Locomotion,30508,26025,22407,0.734,0.861,0.793
Horse_dataset_2,HYDRA,Foraging,8158,12709,4194,0.514,0.33,0.402
Horse_dataset_2,MultiRocket,Resting,2331,2949,2048,0.879,0.694,0.776
Horse_dataset_2,MultiRocket,Locomotion,30508,27072,24134,0.791,0.891,0.838
Horse_dataset_2,MultiRocket,Foraging,8158,10976,4923,0.603,0.449,0.515
Horse_dataset_2,RF,Resting,2331,1625,1581,0.678,0.973,0.799
Horse_dataset_2,RF,Locomotion,30508,31463,29404,0.964,0.935,0.949
Horse_dataset_2,RF,Foraging,8158,7909,6081,0.745,0.769,0.757
Horse_dataset_2,LGBM,Resting,2331,1611,1546,0.663,0.96,0.784
Horse_dataset_2,LGBM,Locomotion,30508,30927,28991,0.95,0.937,0.944
Horse_dataset_2,LGBM,Foraging,8158,8459,6190,0.759,0.732,0.745
Raccoon_dataset_1,CNN,Resting,162,108,104,0.642,0.963,0.77
Raccoon_dataset_1,CNN,Locomotion,243,128,117,0.481,0.914,0.631
Raccoon_dataset_1,CNN,Foraging,162,331,149,0.92,0.45,0.604
Raccoon_dataset_1,ResNet,Resting,162,134,112,0.691,0.836,0.757
Raccoon_dataset_1,ResNet,Locomotion,243,172,140,0.576,0.814,0.675
Raccoon_dataset_1,ResNet,Foraging,162,261,111,0.685,0.425,0.525
Raccoon_dataset_1,HYDRA,Resting,162,115,101,0.623,0.878,0.729
Raccoon_dataset_1,HYDRA,Locomotion,243,150,124,0.51,0.827,0.631
Raccoon_dataset_1,HYDRA,Foraging,162,302,134,0.827,0.444,0.578
Raccoon_dataset_1,MultiRocket,Resting,162,101,89,0.549,0.881,0.677
Raccoon_dataset_1,MultiRocket,Locomotion,243,167,139,0.572,0.832,0.678
Raccoon_dataset_1,MultiRocket,Foraging,162,299,139,0.858,0.465,0.603
Raccoon_dataset_1,RF,Resting,162,106,101,0.623,0.953,0.754
Raccoon_dataset_1,RF,Locomotion,243,179,149,0.613,0.832,0.706
Raccoon_dataset_1,RF,Foraging,162,282,135,0.833,0.479,0.608
Raccoon_dataset_1,LGBM,Resting,162,107,100,0.617,0.935,0.743
Raccoon_dataset_1,LGBM,Locomotion,243,178,146,0.601,0.82,0.694
Raccoon_dataset_1,LGBM,Foraging,162,282,134,0.827,0.475,0.604
Raccoon_dataset_2,CNN,Resting,436,390,368,0.844,0.944,0.891
Raccoon_dataset_2,CNN,Locomotion,148,185,77,0.52,0.416,0.462
Raccoon_dataset_2,CNN,Foraging,199,208,111,0.558,0.534,0.545
Raccoon_dataset_2,ResNet,Resting,436,477,429,0.984,0.899,0.94
Raccoon_dataset_2,ResNet,Locomotion,148,159,87,0.588,0.547,0.567
Raccoon_dataset_2,ResNet,Foraging,199,147,100,0.503,0.68,0.578
Raccoon_dataset_2,HYDRA,Resting,436,454,417,0.956,0.919,0.937
Raccoon_dataset_2,HYDRA,Locomotion,148,134,77,0.52,0.575,0.546
Raccoon_dataset_2,HYDRA,Foraging,199,195,118,0.593,0.605,0.599
Raccoon_dataset_2,MultiRocket,Resting,436,429,403,0.924,0.939,0.932
Raccoon_dataset_2,MultiRocket,Locomotion,148,160,97,0.655,0.606,0.63
Raccoon_dataset_2,MultiRocket,Foraging,199,194,120,0.603,0.619,0.611
Raccoon_dataset_2,RF,Resting,436,446,423,0.97,0.948,0.959
Raccoon_dataset_2,RF,Locomotion,148,186,112,0.757,0.602,0.671
Raccoon_dataset_2,RF,Foraging,199,151,116,0.583,0.768,0.663
Raccoon_dataset_2,LGBM,Resting,436,445,415,0.952,0.933,0.942
Raccoon_dataset_2,LGBM,Locomotion,148,182,109,0.736,0.599,0.661
Raccoon_dataset_2,LGBM,Foraging,199,156,115,0.578,0.737,0.648
