source_species,target_species,model,mean_macro_f1,n_dataset_pairs,core_gower_distance,extended_gower_distance,same_species,same_species_excluded_from_primary_H3
Bison bonasus,Bos taurus,CNN,0.469936,1,0.012406,0.007895,FALSE,no
Bison bonasus,Canis lupus familiaris,CNN,0.382184,2,0.584615,0.462937,FALSE,no
Bison bonasus,Equus caballus,CNN,0.510979,1,0.276526,0.175971,FALSE,no
Bison bonasus,Equus ferus przewalskii,CNN,0.85392,1,0.269416,0.171446,FALSE,no
Bison bonasus,Erinaceus europaeus,CNN,0.366246,1,0.773308,0.855742,FALSE,no
Bison bonasus,Giraffa camelopardalis,CNN,0.185059,1,0.440977,0.371531,FALSE,no
Bison bonasus,Procyon lotor,CNN,0.506673,2,0.666477,0.636243,FALSE,no
Bison bonasus,Vulpes vulpes,CNN,0.511465,2,0.619048,0.484848,FALSE,no
Bos taurus,Bison bonasus,CNN,0.378118,1,0.012406,0.007895,FALSE,no
Bos taurus,Canis lupus familiaris,CNN,0.260571,2,0.597021,0.470831,FALSE,no
Bos taurus,Equus caballus,CNN,0.125277,1,0.288932,0.183866,FALSE,no
Bos taurus,Equus ferus przewalskii,CNN,0.689974,1,0.281822,0.179341,FALSE,no
Bos taurus,Erinaceus europaeus,CNN,0.17569,1,0.785714,0.863636,FALSE,no
Bos taurus,Giraffa camelopardalis,CNN,0.356598,1,0.428571,0.363636,FALSE,no
Bos taurus,Procyon lotor,CNN,0.367653,2,0.678883,0.644137,FALSE,no
Bos taurus,Vulpes vulpes,CNN,0.19364,2,0.631453,0.492743,FALSE,no
Canis lupus familiaris,Bison bonasus,CNN,0.48534,2,0.584615,0.462937,FALSE,no
Canis lupus familiaris,Bos taurus,CNN,0.525731,2,0.597021,0.470831,FALSE,no
Canis lupus familiaris,Canis lupus familiaris,CNN,0.455229,2,0,0,TRUE,yes
Canis lupus familiaris,Equus caballus,CNN,0.504668,2,0.308089,0.286966,FALSE,no
Canis lupus familiaris,Equus ferus przewalskii,CNN,0.439585,2,0.315199,0.29149,FALSE,no
Canis lupus familiaris,Erinaceus europaeus,CNN,0.402812,2,0.712503,0.817047,FALSE,no
Canis lupus familiaris,Giraffa camelopardalis,CNN,0.195176,2,0.64464,0.592044,FALSE,no
Canis lupus familiaris,Procyon lotor,CNN,0.544283,4,0.558052,0.567245,FALSE,no
Canis lupus familiaris,Vulpes vulpes,CNN,0.457563,4,0.034433,0.112821,FALSE,no
Equus caballus,Bison bonasus,CNN,0.224905,1,0.276526,0.175971,FALSE,no
Equus caballus,Bos taurus,CNN,0.105542,1,0.288932,0.183866,FALSE,no
Equus caballus,Canis lupus familiaris,CNN,0.61988,2,0.308089,0.286966,FALSE,no
Equus caballus,Equus ferus przewalskii,CNN,0.396395,1,0.00711,0.004525,FALSE,no
Equus caballus,Erinaceus europaeus,CNN,0.092077,1,0.734878,0.831286,FALSE,no
Equus caballus,Giraffa camelopardalis,CNN,0.20279,1,0.479408,0.395987,FALSE,no
Equus caballus,Procyon lotor,CNN,0.506086,2,0.628046,0.611787,FALSE,no
Equus caballus,Vulpes vulpes,CNN,0.545552,2,0.342522,0.308877,FALSE,no
Equus ferus przewalskii,Bison bonasus,CNN,0.851253,1,0.269416,0.171446,FALSE,no
Equus ferus przewalskii,Bos taurus,CNN,0.45355,1,0.281822,0.179341,FALSE,no
Equus ferus przewalskii,Canis lupus familiaris,CNN,0.284348,2,0.315199,0.29149,FALSE,no
Equus ferus przewalskii,Equus caballus,CNN,0.20856,1,0.00711,0.004525,FALSE,no
Equus ferus przewalskii,Erinaceus europaeus,CNN,0.374058,1,0.741988,0.83581,FALSE,no
Equus ferus przewalskii,Giraffa camelopardalis,CNN,0.298324,1,0.472298,0.391462,FALSE,no
Equus ferus przewalskii,Procyon lotor,CNN,0.490538,2,0.635156,0.616312,FALSE,no
Equus ferus przewalskii,Vulpes vulpes,CNN,0.42181,2,0.349632,0.313402,FALSE,no
Erinaceus europaeus,Bison bonasus,CNN,0.464229,1,0.773308,0.855742,FALSE,no
Erinaceus europaeus,Bos taurus,CNN,0.449186,1,0.785714,0.863636,FALSE,no
Erinaceus europaeus,Canis lupus familiaris,CNN,0.423776,2,0.712503,0.817047,FALSE,no
Erinaceus europaeus,Equus caballus,CNN,0.392044,1,0.734878,0.831286,FALSE,no
Erinaceus europaeus,Equus ferus przewalskii,CNN,0.291512,1,0.741988,0.83581,FALSE,no
Erinaceus europaeus,Giraffa camelopardalis,CNN,0.180827,1,0.928571,0.954545,FALSE,no
Erinaceus europaeus,Procyon lotor,CNN,0.390613,2,0.67826,0.674044,FALSE,no
Erinaceus europaeus,Vulpes vulpes,CNN,0.253256,2,0.67807,0.795136,FALSE,no
Giraffa camelopardalis,Bison bonasus,CNN,0.111648,1,0.440977,0.371531,FALSE,no
Giraffa camelopardalis,Bos taurus,CNN,0.180738,1,0.428571,0.363636,FALSE,no
Giraffa camelopardalis,Canis lupus familiaris,CNN,0.278243,2,0.64464,0.592044,FALSE,no
Giraffa camelopardalis,Equus caballus,CNN,0.170712,1,0.479408,0.395987,FALSE,no
Giraffa camelopardalis,Equus ferus przewalskii,CNN,0.337666,1,0.472298,0.391462,FALSE,no
Giraffa camelopardalis,Erinaceus europaeus,CNN,0.205882,1,0.928571,0.954545,FALSE,no
Giraffa camelopardalis,Procyon lotor,CNN,0.280199,2,0.82174,0.735047,FALSE,no
Giraffa camelopardalis,Vulpes vulpes,CNN,0.28866000000000003,2,0.679073,0.613955,FALSE,no
Procyon lotor,Bison bonasus,CNN,0.423139,2,0.666477,0.636243,FALSE,no
Procyon lotor,Bos taurus,CNN,0.354338,2,0.678883,0.644137,FALSE,no
Procyon lotor,Canis lupus familiaris,CNN,0.42203,4,0.558052,0.567245,FALSE,no
Procyon lotor,Equus caballus,CNN,0.541094,2,0.628046,0.611787,FALSE,no
Procyon lotor,Equus ferus przewalskii,CNN,0.448457,2,0.635156,0.616312,FALSE,no
Procyon lotor,Erinaceus europaeus,CNN,0.545986,2,0.67826,0.674044,FALSE,no
Procyon lotor,Giraffa camelopardalis,CNN,0.359231,2,0.82174,0.735047,FALSE,no
Procyon lotor,Procyon lotor,CNN,0.481825,2,0,0,TRUE,yes
Procyon lotor,Vulpes vulpes,CNN,0.607985,4,0.523999,0.545575,FALSE,no
Vulpes vulpes,Bison bonasus,CNN,0.469244,2,0.619048,0.484848,FALSE,no
Vulpes vulpes,Bos taurus,CNN,0.472284,2,0.631453,0.492743,FALSE,no
Vulpes vulpes,Canis lupus familiaris,CNN,0.26852,4,0.034433,0.112821,FALSE,no
Vulpes vulpes,Equus caballus,CNN,0.27079,2,0.342522,0.308877,FALSE,no
Vulpes vulpes,Equus ferus przewalskii,CNN,0.443515,2,0.349632,0.313402,FALSE,no
Vulpes vulpes,Erinaceus europaeus,CNN,0.350624,2,0.67807,0.795136,FALSE,no
Vulpes vulpes,Giraffa camelopardalis,CNN,0.28081,2,0.679073,0.613955,FALSE,no
Vulpes vulpes,Procyon lotor,CNN,0.526013,4,0.523999,0.545575,FALSE,no
Vulpes vulpes,Vulpes vulpes,CNN,0.686039,2,0,0,TRUE,yes
Bison bonasus,Bos taurus,HYDRA,0.52747,1,0.012406,0.007895,FALSE,no
Bison bonasus,Canis lupus familiaris,HYDRA,0.384623,2,0.584615,0.462937,FALSE,no
Bison bonasus,Equus caballus,HYDRA,0.325751,1,0.276526,0.175971,FALSE,no
Bison bonasus,Equus ferus przewalskii,HYDRA,0.904676,1,0.269416,0.171446,FALSE,no
Bison bonasus,Erinaceus europaeus,HYDRA,0.36273300000000003,1,0.773308,0.855742,FALSE,no
Bison bonasus,Giraffa camelopardalis,HYDRA,0.201356,1,0.440977,0.371531,FALSE,no
Bison bonasus,Procyon lotor,HYDRA,0.429743,2,0.666477,0.636243,FALSE,no
Bison bonasus,Vulpes vulpes,HYDRA,0.411912,2,0.619048,0.484848,FALSE,no
Bos taurus,Bison bonasus,HYDRA,0.550378,1,0.012406,0.007895,FALSE,no
Bos taurus,Canis lupus familiaris,HYDRA,0.337878,2,0.597021,0.470831,FALSE,no
Bos taurus,Equus caballus,HYDRA,0.243722,1,0.288932,0.183866,FALSE,no
Bos taurus,Equus ferus przewalskii,HYDRA,0.626314,1,0.281822,0.179341,FALSE,no
Bos taurus,Erinaceus europaeus,HYDRA,0.485682,1,0.785714,0.863636,FALSE,no
Bos taurus,Giraffa camelopardalis,HYDRA,0.348992,1,0.428571,0.363636,FALSE,no
Bos taurus,Procyon lotor,HYDRA,0.315887,2,0.678883,0.644137,FALSE,no
Bos taurus,Vulpes vulpes,HYDRA,0.330545,2,0.631453,0.492743,FALSE,no
Canis lupus familiaris,Bison bonasus,HYDRA,0.400703,2,0.584615,0.462937,FALSE,no
Canis lupus familiaris,Bos taurus,HYDRA,0.309433,2,0.597021,0.470831,FALSE,no
Canis lupus familiaris,Canis lupus familiaris,HYDRA,0.575442,2,0,0,TRUE,yes
Canis lupus familiaris,Equus caballus,HYDRA,0.645376,2,0.308089,0.286966,FALSE,no
Canis lupus familiaris,Equus ferus przewalskii,HYDRA,0.497778,2,0.315199,0.29149,FALSE,no
Canis lupus familiaris,Erinaceus europaeus,HYDRA,0.277484,2,0.712503,0.817047,FALSE,no
Canis lupus familiaris,Giraffa camelopardalis,HYDRA,0.372384,2,0.64464,0.592044,FALSE,no
Canis lupus familiaris,Procyon lotor,HYDRA,0.535435,4,0.558052,0.567245,FALSE,no
Canis lupus familiaris,Vulpes vulpes,HYDRA,0.510247,4,0.034433,0.112821,FALSE,no
Equus caballus,Bison bonasus,HYDRA,0.219402,1,0.276526,0.175971,FALSE,no
Equus caballus,Bos taurus,HYDRA,0.198376,1,0.288932,0.183866,FALSE,no
Equus caballus,Canis lupus familiaris,HYDRA,0.538569,2,0.308089,0.286966,FALSE,no
Equus caballus,Equus ferus przewalskii,HYDRA,0.36066,1,0.00711,0.004525,FALSE,no
Equus caballus,Erinaceus europaeus,HYDRA,0.3142,1,0.734878,0.831286,FALSE,no
Equus caballus,Giraffa camelopardalis,HYDRA,0.219555,1,0.479408,0.395987,FALSE,no
Equus caballus,Procyon lotor,HYDRA,0.515432,2,0.628046,0.611787,FALSE,no
Equus caballus,Vulpes vulpes,HYDRA,0.531397,2,0.342522,0.308877,FALSE,no
Equus ferus przewalskii,Bison bonasus,HYDRA,0.913869,1,0.269416,0.171446,FALSE,no
Equus ferus przewalskii,Bos taurus,HYDRA,0.544534,1,0.281822,0.179341,FALSE,no
Equus ferus przewalskii,Canis lupus familiaris,HYDRA,0.484587,2,0.315199,0.29149,FALSE,no
Equus ferus przewalskii,Equus caballus,HYDRA,0.454215,1,0.00711,0.004525,FALSE,no
Equus ferus przewalskii,Erinaceus europaeus,HYDRA,0.435094,1,0.741988,0.83581,FALSE,no
Equus ferus przewalskii,Giraffa camelopardalis,HYDRA,0.235245,1,0.472298,0.391462,FALSE,no
Equus ferus przewalskii,Procyon lotor,HYDRA,0.535695,2,0.635156,0.616312,FALSE,no
Equus ferus przewalskii,Vulpes vulpes,HYDRA,0.623656,2,0.349632,0.313402,FALSE,no
Erinaceus europaeus,Bison bonasus,HYDRA,0.487046,1,0.773308,0.855742,FALSE,no
Erinaceus europaeus,Bos taurus,HYDRA,0.555378,1,0.785714,0.863636,FALSE,no
Erinaceus europaeus,Canis lupus familiaris,HYDRA,0.464987,2,0.712503,0.817047,FALSE,no
Erinaceus europaeus,Equus caballus,HYDRA,0.517501,1,0.734878,0.831286,FALSE,no
Erinaceus europaeus,Equus ferus przewalskii,HYDRA,0.366109,1,0.741988,0.83581,FALSE,no
Erinaceus europaeus,Giraffa camelopardalis,HYDRA,0.236426,1,0.928571,0.954545,FALSE,no
Erinaceus europaeus,Procyon lotor,HYDRA,0.580919,2,0.67826,0.674044,FALSE,no
Erinaceus europaeus,Vulpes vulpes,HYDRA,0.426919,2,0.67807,0.795136,FALSE,no
Giraffa camelopardalis,Bison bonasus,HYDRA,0.319556,1,0.440977,0.371531,FALSE,no
Giraffa camelopardalis,Bos taurus,HYDRA,0.114435,1,0.428571,0.363636,FALSE,no
Giraffa camelopardalis,Canis lupus familiaris,HYDRA,0.228743,2,0.64464,0.592044,FALSE,no
Giraffa camelopardalis,Equus caballus,HYDRA,0.44704700000000003,1,0.479408,0.395987,FALSE,no
Giraffa camelopardalis,Equus ferus przewalskii,HYDRA,0.507521,1,0.472298,0.391462,FALSE,no
Giraffa camelopardalis,Erinaceus europaeus,HYDRA,0.472231,1,0.928571,0.954545,FALSE,no
Giraffa camelopardalis,Procyon lotor,HYDRA,0.595374,2,0.82174,0.735047,FALSE,no
Giraffa camelopardalis,Vulpes vulpes,HYDRA,0.63085,2,0.679073,0.613955,FALSE,no
Procyon lotor,Bison bonasus,HYDRA,0.549818,2,0.666477,0.636243,FALSE,no
Procyon lotor,Bos taurus,HYDRA,0.402128,2,0.678883,0.644137,FALSE,no
Procyon lotor,Canis lupus familiaris,HYDRA,0.45708,4,0.558052,0.567245,FALSE,no
Procyon lotor,Equus caballus,HYDRA,0.558344,2,0.628046,0.611787,FALSE,no
Procyon lotor,Equus ferus przewalskii,HYDRA,0.524208,2,0.635156,0.616312,FALSE,no
Procyon lotor,Erinaceus europaeus,HYDRA,0.423192,2,0.67826,0.674044,FALSE,no
Procyon lotor,Giraffa camelopardalis,HYDRA,0.374553,2,0.82174,0.735047,FALSE,no
Procyon lotor,Procyon lotor,HYDRA,0.572819,2,0,0,TRUE,yes
Procyon lotor,Vulpes vulpes,HYDRA,0.619334,4,0.523999,0.545575,FALSE,no
Vulpes vulpes,Bison bonasus,HYDRA,0.455073,2,0.619048,0.484848,FALSE,no
Vulpes vulpes,Bos taurus,HYDRA,0.488986,2,0.631453,0.492743,FALSE,no
Vulpes vulpes,Canis lupus familiaris,HYDRA,0.521171,4,0.034433,0.112821,FALSE,no
Vulpes vulpes,Equus caballus,HYDRA,0.435935,2,0.342522,0.308877,FALSE,no
Vulpes vulpes,Equus ferus przewalskii,HYDRA,0.462054,2,0.349632,0.313402,FALSE,no
Vulpes vulpes,Erinaceus europaeus,HYDRA,0.428677,2,0.67807,0.795136,FALSE,no
Vulpes vulpes,Giraffa camelopardalis,HYDRA,0.405757,2,0.679073,0.613955,FALSE,no
Vulpes vulpes,Procyon lotor,HYDRA,0.591542,4,0.523999,0.545575,FALSE,no
Vulpes vulpes,Vulpes vulpes,HYDRA,0.798551,2,0,0,TRUE,yes
Bison bonasus,Bos taurus,LGBM,0.492615,1,0.012406,0.007895,FALSE,no
Bison bonasus,Canis lupus familiaris,LGBM,0.518468,2,0.584615,0.462937,FALSE,no
Bison bonasus,Equus caballus,LGBM,0.695084,1,0.276526,0.175971,FALSE,no
Bison bonasus,Equus ferus przewalskii,LGBM,0.893847,1,0.269416,0.171446,FALSE,no
Bison bonasus,Erinaceus europaeus,LGBM,0.50516,1,0.773308,0.855742,FALSE,no
Bison bonasus,Giraffa camelopardalis,LGBM,0.441805,1,0.440977,0.371531,FALSE,no
Bison bonasus,Procyon lotor,LGBM,0.717251,2,0.666477,0.636243,FALSE,no
Bison bonasus,Vulpes vulpes,LGBM,0.751236,2,0.619048,0.484848,FALSE,no
Bos taurus,Bison bonasus,LGBM,0.567203,1,0.012406,0.007895,FALSE,no
Bos taurus,Canis lupus familiaris,LGBM,0.502476,2,0.597021,0.470831,FALSE,no
Bos taurus,Equus caballus,LGBM,0.654981,1,0.288932,0.183866,FALSE,no
Bos taurus,Equus ferus przewalskii,LGBM,0.774542,1,0.281822,0.179341,FALSE,no
Bos taurus,Erinaceus europaeus,LGBM,0.52055,1,0.785714,0.863636,FALSE,no
Bos taurus,Giraffa camelopardalis,LGBM,0.52845,1,0.428571,0.363636,FALSE,no
Bos taurus,Procyon lotor,LGBM,0.676298,2,0.678883,0.644137,FALSE,no
Bos taurus,Vulpes vulpes,LGBM,0.707923,2,0.631453,0.492743,FALSE,no
Canis lupus familiaris,Bison bonasus,LGBM,0.49796,2,0.584615,0.462937,FALSE,no
Canis lupus familiaris,Bos taurus,LGBM,0.451624,2,0.597021,0.470831,FALSE,no
Canis lupus familiaris,Canis lupus familiaris,LGBM,0.632229,2,0,0,TRUE,yes
Canis lupus familiaris,Equus caballus,LGBM,0.845521,2,0.308089,0.286966,FALSE,no
Canis lupus familiaris,Equus ferus przewalskii,LGBM,0.649279,2,0.315199,0.29149,FALSE,no
Canis lupus familiaris,Erinaceus europaeus,LGBM,0.351459,2,0.712503,0.817047,FALSE,no
Canis lupus familiaris,Giraffa camelopardalis,LGBM,0.374958,2,0.64464,0.592044,FALSE,no
Canis lupus familiaris,Procyon lotor,LGBM,0.655224,4,0.558052,0.567245,FALSE,no
Canis lupus familiaris,Vulpes vulpes,LGBM,0.619595,4,0.034433,0.112821,FALSE,no
Equus caballus,Bison bonasus,LGBM,0.444795,1,0.276526,0.175971,FALSE,no
Equus caballus,Bos taurus,LGBM,0.498226,1,0.288932,0.183866,FALSE,no
Equus caballus,Canis lupus familiaris,LGBM,0.658943,2,0.308089,0.286966,FALSE,no
Equus caballus,Equus ferus przewalskii,LGBM,0.543436,1,0.00711,0.004525,FALSE,no
Equus caballus,Erinaceus europaeus,LGBM,0.409835,1,0.734878,0.831286,FALSE,no
Equus caballus,Giraffa camelopardalis,LGBM,0.34368,1,0.479408,0.395987,FALSE,no
Equus caballus,Procyon lotor,LGBM,0.715432,2,0.628046,0.611787,FALSE,no
Equus caballus,Vulpes vulpes,LGBM,0.679031,2,0.342522,0.308877,FALSE,no
Equus ferus przewalskii,Bison bonasus,LGBM,0.850984,1,0.269416,0.171446,FALSE,no
Equus ferus przewalskii,Bos taurus,LGBM,0.566027,1,0.281822,0.179341,FALSE,no
Equus ferus przewalskii,Canis lupus familiaris,LGBM,0.595226,2,0.315199,0.29149,FALSE,no
Equus ferus przewalskii,Equus caballus,LGBM,0.753914,1,0.00711,0.004525,FALSE,no
Equus ferus przewalskii,Erinaceus europaeus,LGBM,0.511144,1,0.741988,0.83581,FALSE,no
Equus ferus przewalskii,Giraffa camelopardalis,LGBM,0.535644,1,0.472298,0.391462,FALSE,no
Equus ferus przewalskii,Procyon lotor,LGBM,0.719282,2,0.635156,0.616312,FALSE,no
Equus ferus przewalskii,Vulpes vulpes,LGBM,0.742604,2,0.349632,0.313402,FALSE,no
Erinaceus europaeus,Bison bonasus,LGBM,0.510248,1,0.773308,0.855742,FALSE,no
Erinaceus europaeus,Bos taurus,LGBM,0.506783,1,0.785714,0.863636,FALSE,no
Erinaceus europaeus,Canis lupus familiaris,LGBM,0.394152,2,0.712503,0.817047,FALSE,no
Erinaceus europaeus,Equus caballus,LGBM,0.465519,1,0.734878,0.831286,FALSE,no
Erinaceus europaeus,Equus ferus przewalskii,LGBM,0.573525,1,0.741988,0.83581,FALSE,no
Erinaceus europaeus,Giraffa camelopardalis,LGBM,0.467502,1,0.928571,0.954545,FALSE,no
Erinaceus europaeus,Procyon lotor,LGBM,0.558193,2,0.67826,0.674044,FALSE,no
Erinaceus europaeus,Vulpes vulpes,LGBM,0.510184,2,0.67807,0.795136,FALSE,no
Giraffa camelopardalis,Bison bonasus,LGBM,0.635652,1,0.440977,0.371531,FALSE,no
Giraffa camelopardalis,Bos taurus,LGBM,0.59063,1,0.428571,0.363636,FALSE,no
Giraffa camelopardalis,Canis lupus familiaris,LGBM,0.499558,2,0.64464,0.592044,FALSE,no
Giraffa camelopardalis,Equus caballus,LGBM,0.612453,1,0.479408,0.395987,FALSE,no
Giraffa camelopardalis,Equus ferus przewalskii,LGBM,0.767137,1,0.472298,0.391462,FALSE,no
Giraffa camelopardalis,Erinaceus europaeus,LGBM,0.451998,1,0.928571,0.954545,FALSE,no
Giraffa camelopardalis,Procyon lotor,LGBM,0.640675,2,0.82174,0.735047,FALSE,no
Giraffa camelopardalis,Vulpes vulpes,LGBM,0.705563,2,0.679073,0.613955,FALSE,no
Procyon lotor,Bison bonasus,LGBM,0.655206,2,0.666477,0.636243,FALSE,no
Procyon lotor,Bos taurus,LGBM,0.555119,2,0.678883,0.644137,FALSE,no
Procyon lotor,Canis lupus familiaris,LGBM,0.65049,4,0.558052,0.567245,FALSE,no
Procyon lotor,Equus caballus,LGBM,0.857792,2,0.628046,0.611787,FALSE,no
Procyon lotor,Equus ferus przewalskii,LGBM,0.724414,2,0.635156,0.616312,FALSE,no
Procyon lotor,Erinaceus europaeus,LGBM,0.49031,2,0.67826,0.674044,FALSE,no
Procyon lotor,Giraffa camelopardalis,LGBM,0.507235,2,0.82174,0.735047,FALSE,no
Procyon lotor,Procyon lotor,LGBM,0.678373,2,0,0,TRUE,yes
Procyon lotor,Vulpes vulpes,LGBM,0.692411,4,0.523999,0.545575,FALSE,no
Vulpes vulpes,Bison bonasus,LGBM,0.599884,2,0.619048,0.484848,FALSE,no
Vulpes vulpes,Bos taurus,LGBM,0.495389,2,0.631453,0.492743,FALSE,no
Vulpes vulpes,Canis lupus familiaris,LGBM,0.51738,4,0.034433,0.112821,FALSE,no
Vulpes vulpes,Equus caballus,LGBM,0.615706,2,0.342522,0.308877,FALSE,no
Vulpes vulpes,Equus ferus przewalskii,LGBM,0.758669,2,0.349632,0.313402,FALSE,no
Vulpes vulpes,Erinaceus europaeus,LGBM,0.487816,2,0.67807,0.795136,FALSE,no
Vulpes vulpes,Giraffa camelopardalis,LGBM,0.510601,2,0.679073,0.613955,FALSE,no
Vulpes vulpes,Procyon lotor,LGBM,0.626745,4,0.523999,0.545575,FALSE,no
Vulpes vulpes,Vulpes vulpes,LGBM,0.726812,2,0,0,TRUE,yes
Bison bonasus,Bos taurus,MultiRocket,0.535769,1,0.012406,0.007895,FALSE,no
Bison bonasus,Canis lupus familiaris,MultiRocket,0.539353,2,0.584615,0.462937,FALSE,no
Bison bonasus,Equus caballus,MultiRocket,0.607417,1,0.276526,0.175971,FALSE,no
Bison bonasus,Equus ferus przewalskii,MultiRocket,0.950159,1,0.269416,0.171446,FALSE,no
Bison bonasus,Erinaceus europaeus,MultiRocket,0.5109,1,0.773308,0.855742,FALSE,no
Bison bonasus,Giraffa camelopardalis,MultiRocket,0.211683,1,0.440977,0.371531,FALSE,no
Bison bonasus,Procyon lotor,MultiRocket,0.665939,2,0.666477,0.636243,FALSE,no
Bison bonasus,Vulpes vulpes,MultiRocket,0.651165,2,0.619048,0.484848,FALSE,no
Bos taurus,Bison bonasus,MultiRocket,0.524407,1,0.012406,0.007895,FALSE,no
Bos taurus,Canis lupus familiaris,MultiRocket,0.336534,2,0.597021,0.470831,FALSE,no
Bos taurus,Equus caballus,MultiRocket,0.412614,1,0.288932,0.183866,FALSE,no
Bos taurus,Equus ferus przewalskii,MultiRocket,0.582408,1,0.281822,0.179341,FALSE,no
Bos taurus,Erinaceus europaeus,MultiRocket,0.457985,1,0.785714,0.863636,FALSE,no
Bos taurus,Giraffa camelopardalis,MultiRocket,0.664317,1,0.428571,0.363636,FALSE,no
Bos taurus,Procyon lotor,MultiRocket,0.520702,2,0.678883,0.644137,FALSE,no
Bos taurus,Vulpes vulpes,MultiRocket,0.537335,2,0.631453,0.492743,FALSE,no
Canis lupus familiaris,Bison bonasus,MultiRocket,0.442181,2,0.584615,0.462937,FALSE,no
Canis lupus familiaris,Bos taurus,MultiRocket,0.347696,2,0.597021,0.470831,FALSE,no
Canis lupus familiaris,Canis lupus familiaris,MultiRocket,0.658243,2,0,0,TRUE,yes
Canis lupus familiaris,Equus caballus,MultiRocket,0.72171,2,0.308089,0.286966,FALSE,no
Canis lupus familiaris,Equus ferus przewalskii,MultiRocket,0.541557,2,0.315199,0.29149,FALSE,no
Canis lupus familiaris,Erinaceus europaeus,MultiRocket,0.415627,2,0.712503,0.817047,FALSE,no
Canis lupus familiaris,Giraffa camelopardalis,MultiRocket,0.382295,2,0.64464,0.592044,FALSE,no
Canis lupus familiaris,Procyon lotor,MultiRocket,0.61593,4,0.558052,0.567245,FALSE,no
Canis lupus familiaris,Vulpes vulpes,MultiRocket,0.621309,4,0.034433,0.112821,FALSE,no
Equus caballus,Bison bonasus,MultiRocket,0.427171,1,0.276526,0.175971,FALSE,no
Equus caballus,Bos taurus,MultiRocket,0.406503,1,0.288932,0.183866,FALSE,no
Equus caballus,Canis lupus familiaris,MultiRocket,0.654144,2,0.308089,0.286966,FALSE,no
Equus caballus,Equus ferus przewalskii,MultiRocket,0.482486,1,0.00711,0.004525,FALSE,no
Equus caballus,Erinaceus europaeus,MultiRocket,0.370398,1,0.734878,0.831286,FALSE,no
Equus caballus,Giraffa camelopardalis,MultiRocket,0.215182,1,0.479408,0.395987,FALSE,no
Equus caballus,Procyon lotor,MultiRocket,0.678556,2,0.628046,0.611787,FALSE,no
Equus caballus,Vulpes vulpes,MultiRocket,0.625383,2,0.342522,0.308877,FALSE,no
Equus ferus przewalskii,Bison bonasus,MultiRocket,0.902673,1,0.269416,0.171446,FALSE,no
Equus ferus przewalskii,Bos taurus,MultiRocket,0.560668,1,0.281822,0.179341,FALSE,no
Equus ferus przewalskii,Canis lupus familiaris,MultiRocket,0.608766,2,0.315199,0.29149,FALSE,no
Equus ferus przewalskii,Equus caballus,MultiRocket,0.662212,1,0.00711,0.004525,FALSE,no
Equus ferus przewalskii,Erinaceus europaeus,MultiRocket,0.466476,1,0.741988,0.83581,FALSE,no
Equus ferus przewalskii,Giraffa camelopardalis,MultiRocket,0.362121,1,0.472298,0.391462,FALSE,no
Equus ferus przewalskii,Procyon lotor,MultiRocket,0.699932,2,0.635156,0.616312,FALSE,no
Equus ferus przewalskii,Vulpes vulpes,MultiRocket,0.709598,2,0.349632,0.313402,FALSE,no
Erinaceus europaeus,Bison bonasus,MultiRocket,0.651857,1,0.773308,0.855742,FALSE,no
Erinaceus europaeus,Bos taurus,MultiRocket,0.421959,1,0.785714,0.863636,FALSE,no
Erinaceus europaeus,Canis lupus familiaris,MultiRocket,0.428825,2,0.712503,0.817047,FALSE,no
Erinaceus europaeus,Equus caballus,MultiRocket,0.451427,1,0.734878,0.831286,FALSE,no
Erinaceus europaeus,Equus ferus przewalskii,MultiRocket,0.554854,1,0.741988,0.83581,FALSE,no
Erinaceus europaeus,Giraffa camelopardalis,MultiRocket,0.534035,1,0.928571,0.954545,FALSE,no
Erinaceus europaeus,Procyon lotor,MultiRocket,0.468742,2,0.67826,0.674044,FALSE,no
Erinaceus europaeus,Vulpes vulpes,MultiRocket,0.320834,2,0.67807,0.795136,FALSE,no
Giraffa camelopardalis,Bison bonasus,MultiRocket,0.355327,1,0.440977,0.371531,FALSE,no
Giraffa camelopardalis,Bos taurus,MultiRocket,0.067712,1,0.428571,0.363636,FALSE,no
Giraffa camelopardalis,Canis lupus familiaris,MultiRocket,0.150943,2,0.64464,0.592044,FALSE,no
Giraffa camelopardalis,Equus caballus,MultiRocket,0.161536,1,0.479408,0.395987,FALSE,no
Giraffa camelopardalis,Equus ferus przewalskii,MultiRocket,0.355363,1,0.472298,0.391462,FALSE,no
Giraffa camelopardalis,Erinaceus europaeus,MultiRocket,0.164616,1,0.928571,0.954545,FALSE,no
Giraffa camelopardalis,Procyon lotor,MultiRocket,0.295651,2,0.82174,0.735047,FALSE,no
Giraffa camelopardalis,Vulpes vulpes,MultiRocket,0.359667,2,0.679073,0.613955,FALSE,no
Procyon lotor,Bison bonasus,MultiRocket,0.657952,2,0.666477,0.636243,FALSE,no
Procyon lotor,Bos taurus,MultiRocket,0.521354,2,0.678883,0.644137,FALSE,no
Procyon lotor,Canis lupus familiaris,MultiRocket,0.607963,4,0.558052,0.567245,FALSE,no
Procyon lotor,Equus caballus,MultiRocket,0.801503,2,0.628046,0.611787,FALSE,no
Procyon lotor,Equus ferus przewalskii,MultiRocket,0.690044,2,0.635156,0.616312,FALSE,no
Procyon lotor,Erinaceus europaeus,MultiRocket,0.447454,2,0.67826,0.674044,FALSE,no
Procyon lotor,Giraffa camelopardalis,MultiRocket,0.412858,2,0.82174,0.735047,FALSE,no
Procyon lotor,Procyon lotor,MultiRocket,0.636618,2,0,0,TRUE,yes
Procyon lotor,Vulpes vulpes,MultiRocket,0.678734,4,0.523999,0.545575,FALSE,no
Vulpes vulpes,Bison bonasus,MultiRocket,0.657389,2,0.619048,0.484848,FALSE,no
Vulpes vulpes,Bos taurus,MultiRocket,0.461643,2,0.631453,0.492743,FALSE,no
Vulpes vulpes,Canis lupus familiaris,MultiRocket,0.554762,4,0.034433,0.112821,FALSE,no
Vulpes vulpes,Equus caballus,MultiRocket,0.526664,2,0.342522,0.308877,FALSE,no
Vulpes vulpes,Equus ferus przewalskii,MultiRocket,0.66371,2,0.349632,0.313402,FALSE,no
Vulpes vulpes,Erinaceus europaeus,MultiRocket,0.396907,2,0.67807,0.795136,FALSE,no
Vulpes vulpes,Giraffa camelopardalis,MultiRocket,0.571523,2,0.679073,0.613955,FALSE,no
Vulpes vulpes,Procyon lotor,MultiRocket,0.636466,4,0.523999,0.545575,FALSE,no
Vulpes vulpes,Vulpes vulpes,MultiRocket,0.706514,2,0,0,TRUE,yes
Bison bonasus,Bos taurus,RF,0.525277,1,0.012406,0.007895,FALSE,no
Bison bonasus,Canis lupus familiaris,RF,0.498904,2,0.584615,0.462937,FALSE,no
Bison bonasus,Equus caballus,RF,0.601944,1,0.276526,0.175971,FALSE,no
Bison bonasus,Equus ferus przewalskii,RF,0.917501,1,0.269416,0.171446,FALSE,no
Bison bonasus,Erinaceus europaeus,RF,0.516695,1,0.773308,0.855742,FALSE,no
Bison bonasus,Giraffa camelopardalis,RF,0.397861,1,0.440977,0.371531,FALSE,no
Bison bonasus,Procyon lotor,RF,0.685556,2,0.666477,0.636243,FALSE,no
Bison bonasus,Vulpes vulpes,RF,0.754928,2,0.619048,0.484848,FALSE,no
Bos taurus,Bison bonasus,RF,0.593551,1,0.012406,0.007895,FALSE,no
Bos taurus,Canis lupus familiaris,RF,0.497245,2,0.597021,0.470831,FALSE,no
Bos taurus,Equus caballus,RF,0.648842,1,0.288932,0.183866,FALSE,no
Bos taurus,Equus ferus przewalskii,RF,0.735465,1,0.281822,0.179341,FALSE,no
Bos taurus,Erinaceus europaeus,RF,0.534128,1,0.785714,0.863636,FALSE,no
Bos taurus,Giraffa camelopardalis,RF,0.495176,1,0.428571,0.363636,FALSE,no
Bos taurus,Procyon lotor,RF,0.693241,2,0.678883,0.644137,FALSE,no
Bos taurus,Vulpes vulpes,RF,0.687105,2,0.631453,0.492743,FALSE,no
Canis lupus familiaris,Bison bonasus,RF,0.494845,2,0.584615,0.462937,FALSE,no
Canis lupus familiaris,Bos taurus,RF,0.464027,2,0.597021,0.470831,FALSE,no
Canis lupus familiaris,Canis lupus familiaris,RF,0.644152,2,0,0,TRUE,yes
Canis lupus familiaris,Equus caballus,RF,0.874501,2,0.308089,0.286966,FALSE,no
Canis lupus familiaris,Equus ferus przewalskii,RF,0.6589,2,0.315199,0.29149,FALSE,no
Canis lupus familiaris,Erinaceus europaeus,RF,0.344843,2,0.712503,0.817047,FALSE,no
Canis lupus familiaris,Giraffa camelopardalis,RF,0.362939,2,0.64464,0.592044,FALSE,no
Canis lupus familiaris,Procyon lotor,RF,0.670294,4,0.558052,0.567245,FALSE,no
Canis lupus familiaris,Vulpes vulpes,RF,0.627849,4,0.034433,0.112821,FALSE,no
Equus caballus,Bison bonasus,RF,0.45149,1,0.276526,0.175971,FALSE,no
Equus caballus,Bos taurus,RF,0.504038,1,0.288932,0.183866,FALSE,no
Equus caballus,Canis lupus familiaris,RF,0.649493,2,0.308089,0.286966,FALSE,no
Equus caballus,Equus ferus przewalskii,RF,0.535571,1,0.00711,0.004525,FALSE,no
Equus caballus,Erinaceus europaeus,RF,0.401518,1,0.734878,0.831286,FALSE,no
Equus caballus,Giraffa camelopardalis,RF,0.285772,1,0.479408,0.395987,FALSE,no
Equus caballus,Procyon lotor,RF,0.687462,2,0.628046,0.611787,FALSE,no
Equus caballus,Vulpes vulpes,RF,0.655131,2,0.342522,0.308877,FALSE,no
Equus ferus przewalskii,Bison bonasus,RF,0.826152,1,0.269416,0.171446,FALSE,no
Equus ferus przewalskii,Bos taurus,RF,0.561906,1,0.281822,0.179341,FALSE,no
Equus ferus przewalskii,Canis lupus familiaris,RF,0.579422,2,0.315199,0.29149,FALSE,no
Equus ferus przewalskii,Equus caballus,RF,0.73574,1,0.00711,0.004525,FALSE,no
Equus ferus przewalskii,Erinaceus europaeus,RF,0.504199,1,0.741988,0.83581,FALSE,no
Equus ferus przewalskii,Giraffa camelopardalis,RF,0.535882,1,0.472298,0.391462,FALSE,no
Equus ferus przewalskii,Procyon lotor,RF,0.683052,2,0.635156,0.616312,FALSE,no
Equus ferus przewalskii,Vulpes vulpes,RF,0.7307,2,0.349632,0.313402,FALSE,no
Erinaceus europaeus,Bison bonasus,RF,0.596935,1,0.773308,0.855742,FALSE,no
Erinaceus europaeus,Bos taurus,RF,0.538306,1,0.785714,0.863636,FALSE,no
Erinaceus europaeus,Canis lupus familiaris,RF,0.407116,2,0.712503,0.817047,FALSE,no
Erinaceus europaeus,Equus caballus,RF,0.438693,1,0.734878,0.831286,FALSE,no
Erinaceus europaeus,Equus ferus przewalskii,RF,0.687534,1,0.741988,0.83581,FALSE,no
Erinaceus europaeus,Giraffa camelopardalis,RF,0.461439,1,0.928571,0.954545,FALSE,no
Erinaceus europaeus,Procyon lotor,RF,0.528801,2,0.67826,0.674044,FALSE,no
Erinaceus europaeus,Vulpes vulpes,RF,0.573492,2,0.67807,0.795136,FALSE,no
Giraffa camelopardalis,Bison bonasus,RF,0.566357,1,0.440977,0.371531,FALSE,no
Giraffa camelopardalis,Bos taurus,RF,0.529213,1,0.428571,0.363636,FALSE,no
Giraffa camelopardalis,Canis lupus familiaris,RF,0.380948,2,0.64464,0.592044,FALSE,no
Giraffa camelopardalis,Equus caballus,RF,0.366754,1,0.479408,0.395987,FALSE,no
Giraffa camelopardalis,Equus ferus przewalskii,RF,0.692508,1,0.472298,0.391462,FALSE,no
Giraffa camelopardalis,Erinaceus europaeus,RF,0.46015,1,0.928571,0.954545,FALSE,no
Giraffa camelopardalis,Procyon lotor,RF,0.511881,2,0.82174,0.735047,FALSE,no
Giraffa camelopardalis,Vulpes vulpes,RF,0.573808,2,0.679073,0.613955,FALSE,no
Procyon lotor,Bison bonasus,RF,0.674876,2,0.666477,0.636243,FALSE,no
Procyon lotor,Bos taurus,RF,0.560918,2,0.678883,0.644137,FALSE,no
Procyon lotor,Canis lupus familiaris,RF,0.650811,4,0.558052,0.567245,FALSE,no
Procyon lotor,Equus caballus,RF,0.855242,2,0.628046,0.611787,FALSE,no
Procyon lotor,Equus ferus przewalskii,RF,0.764981,2,0.635156,0.616312,FALSE,no
Procyon lotor,Erinaceus europaeus,RF,0.496951,2,0.67826,0.674044,FALSE,no
Procyon lotor,Giraffa camelopardalis,RF,0.470066,2,0.82174,0.735047,FALSE,no
Procyon lotor,Procyon lotor,RF,0.702643,2,0,0,TRUE,yes
Procyon lotor,Vulpes vulpes,RF,0.676044,4,0.523999,0.545575,FALSE,no
Vulpes vulpes,Bison bonasus,RF,0.644212,2,0.619048,0.484848,FALSE,no
Vulpes vulpes,Bos taurus,RF,0.493376,2,0.631453,0.492743,FALSE,no
Vulpes vulpes,Canis lupus familiaris,RF,0.510462,4,0.034433,0.112821,FALSE,no
Vulpes vulpes,Equus caballus,RF,0.64687,2,0.342522,0.308877,FALSE,no
Vulpes vulpes,Equus ferus przewalskii,RF,0.805124,2,0.349632,0.313402,FALSE,no
Vulpes vulpes,Erinaceus europaeus,RF,0.482951,2,0.67807,0.795136,FALSE,no
Vulpes vulpes,Giraffa camelopardalis,RF,0.549698,2,0.679073,0.613955,FALSE,no
Vulpes vulpes,Procyon lotor,RF,0.627851,4,0.523999,0.545575,FALSE,no
Vulpes vulpes,Vulpes vulpes,RF,0.741289,2,0,0,TRUE,yes
Bison bonasus,Bos taurus,ResNet,0.440393,1,0.012406,0.007895,FALSE,no
Bison bonasus,Canis lupus familiaris,ResNet,0.274667,2,0.584615,0.462937,FALSE,no
Bison bonasus,Equus caballus,ResNet,0.445246,1,0.276526,0.175971,FALSE,no
Bison bonasus,Equus ferus przewalskii,ResNet,0.737213,1,0.269416,0.171446,FALSE,no
Bison bonasus,Erinaceus europaeus,ResNet,0.252841,1,0.773308,0.855742,FALSE,no
Bison bonasus,Giraffa camelopardalis,ResNet,0.197592,1,0.440977,0.371531,FALSE,no
Bison bonasus,Procyon lotor,ResNet,0.553127,2,0.666477,0.636243,FALSE,no
Bison bonasus,Vulpes vulpes,ResNet,0.490686,2,0.619048,0.484848,FALSE,no
Bos taurus,Bison bonasus,ResNet,0.079063,1,0.012406,0.007895,FALSE,no
Bos taurus,Canis lupus familiaris,ResNet,0.260502,2,0.597021,0.470831,FALSE,no
Bos taurus,Equus caballus,ResNet,0.26575,1,0.288932,0.183866,FALSE,no
Bos taurus,Equus ferus przewalskii,ResNet,0.213063,1,0.281822,0.179341,FALSE,no
Bos taurus,Erinaceus europaeus,ResNet,0.213203,1,0.785714,0.863636,FALSE,no
Bos taurus,Giraffa camelopardalis,ResNet,0.274489,1,0.428571,0.363636,FALSE,no
Bos taurus,Procyon lotor,ResNet,0.373111,2,0.678883,0.644137,FALSE,no
Bos taurus,Vulpes vulpes,ResNet,0.37387,2,0.631453,0.492743,FALSE,no
Canis lupus familiaris,Bison bonasus,ResNet,0.509311,2,0.584615,0.462937,FALSE,no
Canis lupus familiaris,Bos taurus,ResNet,0.436693,2,0.597021,0.470831,FALSE,no
Canis lupus familiaris,Canis lupus familiaris,ResNet,0.398196,2,0,0,TRUE,yes
Canis lupus familiaris,Equus caballus,ResNet,0.446181,2,0.308089,0.286966,FALSE,no
Canis lupus familiaris,Equus ferus przewalskii,ResNet,0.286165,2,0.315199,0.29149,FALSE,no
Canis lupus familiaris,Erinaceus europaeus,ResNet,0.37958,2,0.712503,0.817047,FALSE,no
Canis lupus familiaris,Giraffa camelopardalis,ResNet,0.217473,2,0.64464,0.592044,FALSE,no
Canis lupus familiaris,Procyon lotor,ResNet,0.450485,4,0.558052,0.567245,FALSE,no
Canis lupus familiaris,Vulpes vulpes,ResNet,0.425042,4,0.034433,0.112821,FALSE,no
Equus caballus,Bison bonasus,ResNet,0.314146,1,0.276526,0.175971,FALSE,no
Equus caballus,Bos taurus,ResNet,0.167457,1,0.288932,0.183866,FALSE,no
Equus caballus,Canis lupus familiaris,ResNet,0.590059,2,0.308089,0.286966,FALSE,no
Equus caballus,Equus ferus przewalskii,ResNet,0.255126,1,0.00711,0.004525,FALSE,no
Equus caballus,Erinaceus europaeus,ResNet,0.156642,1,0.734878,0.831286,FALSE,no
Equus caballus,Giraffa camelopardalis,ResNet,0.199254,1,0.479408,0.395987,FALSE,no
Equus caballus,Procyon lotor,ResNet,0.49972,2,0.628046,0.611787,FALSE,no
Equus caballus,Vulpes vulpes,ResNet,0.587991,2,0.342522,0.308877,FALSE,no
Equus ferus przewalskii,Bison bonasus,ResNet,0.739845,1,0.269416,0.171446,FALSE,no
Equus ferus przewalskii,Bos taurus,ResNet,0.40432,1,0.281822,0.179341,FALSE,no
Equus ferus przewalskii,Canis lupus familiaris,ResNet,0.352055,2,0.315199,0.29149,FALSE,no
Equus ferus przewalskii,Equus caballus,ResNet,0.20827,1,0.00711,0.004525,FALSE,no
Equus ferus przewalskii,Erinaceus europaeus,ResNet,0.104564,1,0.741988,0.83581,FALSE,no
Equus ferus przewalskii,Giraffa camelopardalis,ResNet,0.199249,1,0.472298,0.391462,FALSE,no
Equus ferus przewalskii,Procyon lotor,ResNet,0.488116,2,0.635156,0.616312,FALSE,no
Equus ferus przewalskii,Vulpes vulpes,ResNet,0.393048,2,0.349632,0.313402,FALSE,no
Erinaceus europaeus,Bison bonasus,ResNet,0.756078,1,0.773308,0.855742,FALSE,no
Erinaceus europaeus,Bos taurus,ResNet,0.655874,1,0.785714,0.863636,FALSE,no
Erinaceus europaeus,Canis lupus familiaris,ResNet,0.252225,2,0.712503,0.817047,FALSE,no
Erinaceus europaeus,Equus caballus,ResNet,0.070638,1,0.734878,0.831286,FALSE,no
Erinaceus europaeus,Equus ferus przewalskii,ResNet,0.417765,1,0.741988,0.83581,FALSE,no
Erinaceus europaeus,Giraffa camelopardalis,ResNet,0.211022,1,0.928571,0.954545,FALSE,no
Erinaceus europaeus,Procyon lotor,ResNet,0.499169,2,0.67826,0.674044,FALSE,no
Erinaceus europaeus,Vulpes vulpes,ResNet,0.242959,2,0.67807,0.795136,FALSE,no
Giraffa camelopardalis,Bison bonasus,ResNet,0.204125,1,0.440977,0.371531,FALSE,no
Giraffa camelopardalis,Bos taurus,ResNet,0.180738,1,0.428571,0.363636,FALSE,no
Giraffa camelopardalis,Canis lupus familiaris,ResNet,0.155469,2,0.64464,0.592044,FALSE,no
Giraffa camelopardalis,Equus caballus,ResNet,0.173668,1,0.479408,0.395987,FALSE,no
Giraffa camelopardalis,Equus ferus przewalskii,ResNet,0.694371,1,0.472298,0.391462,FALSE,no
Giraffa camelopardalis,Erinaceus europaeus,ResNet,0.205882,1,0.928571,0.954545,FALSE,no
Giraffa camelopardalis,Procyon lotor,ResNet,0.180254,2,0.82174,0.735047,FALSE,no
Giraffa camelopardalis,Vulpes vulpes,ResNet,0.23895,2,0.679073,0.613955,FALSE,no
Procyon lotor,Bison bonasus,ResNet,0.500592,2,0.666477,0.636243,FALSE,no
Procyon lotor,Bos taurus,ResNet,0.363399,2,0.678883,0.644137,FALSE,no
Procyon lotor,Canis lupus familiaris,ResNet,0.364031,4,0.558052,0.567245,FALSE,no
Procyon lotor,Equus caballus,ResNet,0.557425,2,0.628046,0.611787,FALSE,no
Procyon lotor,Equus ferus przewalskii,ResNet,0.488605,2,0.635156,0.616312,FALSE,no
Procyon lotor,Erinaceus europaeus,ResNet,0.405938,2,0.67826,0.674044,FALSE,no
Procyon lotor,Giraffa camelopardalis,ResNet,0.265778,2,0.82174,0.735047,FALSE,no
Procyon lotor,Procyon lotor,ResNet,0.526173,2,0,0,TRUE,yes
Procyon lotor,Vulpes vulpes,ResNet,0.557978,4,0.523999,0.545575,FALSE,no
Vulpes vulpes,Bison bonasus,ResNet,0.426047,2,0.619048,0.484848,FALSE,no
Vulpes vulpes,Bos taurus,ResNet,0.461561,2,0.631453,0.492743,FALSE,no
Vulpes vulpes,Canis lupus familiaris,ResNet,0.331419,4,0.034433,0.112821,FALSE,no
Vulpes vulpes,Equus caballus,ResNet,0.178288,2,0.342522,0.308877,FALSE,no
Vulpes vulpes,Equus ferus przewalskii,ResNet,0.382649,2,0.349632,0.313402,FALSE,no
Vulpes vulpes,Erinaceus europaeus,ResNet,0.362319,2,0.67807,0.795136,FALSE,no
Vulpes vulpes,Giraffa camelopardalis,ResNet,0.304279,2,0.679073,0.613955,FALSE,no
Vulpes vulpes,Procyon lotor,ResNet,0.523148,4,0.523999,0.545575,FALSE,no
Vulpes vulpes,Vulpes vulpes,ResNet,0.767305,2,0,0,TRUE,yes
