analysis_type,scope,model,dropped_component,aggregation_level,n,estimate,ci_low,ci_high,p_value,delta_rho,n_boot,source_file
bootstrap_ci,row_diff,overall,NA,row_diff,756,-0.183317,-0.249253,-0.112063,NA,NA,1000,Output_R/H3_sensitivity/csv/04_bootstrap_ci.csv
bootstrap_ci,species_pair_diff,overall,NA,species_pair_diff,432,-0.198219,-0.281895,-0.104015,NA,NA,1000,Output_R/H3_sensitivity/csv/04_bootstrap_ci.csv
bootstrap_ci,row_diff,CNN,NA,row_diff,126,-0.159021,-0.318364,0.006424,NA,NA,1000,Output_R/H3_sensitivity/csv/04_bootstrap_ci.csv
bootstrap_ci,species_pair_diff,CNN,NA,species_pair_diff,72,-0.175046,-0.388582,0.047625,NA,NA,1000,Output_R/H3_sensitivity/csv/04_bootstrap_ci.csv
bootstrap_ci,row_diff,ResNet,NA,row_diff,126,-0.103442,-0.28168,0.083081,NA,NA,1000,Output_R/H3_sensitivity/csv/04_bootstrap_ci.csv
bootstrap_ci,species_pair_diff,ResNet,NA,species_pair_diff,72,-0.089871,-0.32809,0.152734,NA,NA,1000,Output_R/H3_sensitivity/csv/04_bootstrap_ci.csv
bootstrap_ci,row_diff,HYDRA,NA,row_diff,126,-0.163727,-0.330886,0.016082,NA,NA,1000,Output_R/H3_sensitivity/csv/04_bootstrap_ci.csv
bootstrap_ci,species_pair_diff,HYDRA,NA,species_pair_diff,72,-0.116697,-0.342998,0.133353,NA,NA,1000,Output_R/H3_sensitivity/csv/04_bootstrap_ci.csv
bootstrap_ci,row_diff,MultiRocket,NA,row_diff,126,-0.293224,-0.438819,-0.141405,NA,NA,1000,Output_R/H3_sensitivity/csv/04_bootstrap_ci.csv
bootstrap_ci,species_pair_diff,MultiRocket,NA,species_pair_diff,72,-0.289684,-0.465127,-0.087855,NA,NA,1000,Output_R/H3_sensitivity/csv/04_bootstrap_ci.csv
bootstrap_ci,row_diff,RF,NA,row_diff,126,-0.285546,-0.436979,-0.123583,NA,NA,1000,Output_R/H3_sensitivity/csv/04_bootstrap_ci.csv
bootstrap_ci,species_pair_diff,RF,NA,species_pair_diff,72,-0.322172,-0.507536,-0.12826,NA,NA,1000,Output_R/H3_sensitivity/csv/04_bootstrap_ci.csv
bootstrap_ci,row_diff,LGBM,NA,row_diff,126,-0.279741,-0.448475,-0.112192,NA,NA,1000,Output_R/H3_sensitivity/csv/04_bootstrap_ci.csv
bootstrap_ci,species_pair_diff,LGBM,NA,species_pair_diff,72,-0.366496,-0.542843,-0.15946,NA,NA,1000,Output_R/H3_sensitivity/csv/04_bootstrap_ci.csv
leave_one_trait_out,species_pair_different_species,overall,body_configuration_type,NA,432,-0.159977,NA,NA,8.470384431942147e-4,0.038241,NA,Output_R/H3_sensitivity/csv/01_loto_results.csv
leave_one_trait_out,species_pair_different_species,overall,dominant_feeding_foraging_mode,NA,432,-0.206801,NA,NA,1.4726124120196511e-5,-0.008582,NA,Output_R/H3_sensitivity/csv/01_loto_results.csv
leave_one_trait_out,species_pair_different_species,overall,dominant_locomotor_mode,NA,432,-0.252701,NA,NA,1.0167122470652989e-7,-0.054482,NA,Output_R/H3_sensitivity/csv/01_loto_results.csv
leave_one_trait_out,species_pair_different_species,overall,expected_directional_change_tendency,NA,432,-0.152716,NA,NA,0.00145439448377404,0.045503,NA,Output_R/H3_sensitivity/csv/01_loto_results.csv
leave_one_trait_out,species_pair_different_species,overall,expected_head_neck_contribution_to_acceleration_relevant_motion,NA,432,-0.151651,NA,NA,0.00157137906433949,0.046568,NA,Output_R/H3_sensitivity/csv/01_loto_results.csv
leave_one_trait_out,species_pair_different_species,overall,expected_trunk_motion_amplitude,NA,432,-0.158492,NA,NA,9.478129655001804e-4,0.039726,NA,Output_R/H3_sensitivity/csv/01_loto_results.csv
leave_one_trait_out,species_pair_different_species,overall,log_body_mass_g,NA,432,-0.18192,NA,NA,1.4356483490430652e-4,0.016299,NA,Output_R/H3_sensitivity/csv/01_loto_results.csv
leave_one_trait_out,species_pair_different_species,overall,none (full model),NA,432,-0.198219,NA,NA,3.336335830765092e-5,NA,NA,Output_R/H3_sensitivity/csv/01_loto_results.csv
leave_one_trait_out,species_pair_different_species,CNN,body_configuration_type,NA,72,-0.127441,NA,NA,0.28606183955157016,0.047605,NA,Output_R/H3_sensitivity/csv/01_loto_results.csv
leave_one_trait_out,species_pair_different_species,CNN,dominant_feeding_foraging_mode,NA,72,-0.182959,NA,NA,0.12397495442524809,-0.007913,NA,Output_R/H3_sensitivity/csv/01_loto_results.csv
leave_one_trait_out,species_pair_different_species,CNN,dominant_locomotor_mode,NA,72,-0.238026,NA,NA,0.04407144796512604,-0.06298,NA,Output_R/H3_sensitivity/csv/01_loto_results.csv
leave_one_trait_out,species_pair_different_species,CNN,expected_directional_change_tendency,NA,72,-0.109299,NA,NA,0.360746056625297,0.065747,NA,Output_R/H3_sensitivity/csv/01_loto_results.csv
leave_one_trait_out,species_pair_different_species,CNN,expected_head_neck_contribution_to_acceleration_relevant_motion,NA,72,-0.13061,NA,NA,0.2741498907674498,0.044436,NA,Output_R/H3_sensitivity/csv/01_loto_results.csv
leave_one_trait_out,species_pair_different_species,CNN,expected_trunk_motion_amplitude,NA,72,-0.144231,NA,NA,0.22675721736397636,0.030815,NA,Output_R/H3_sensitivity/csv/01_loto_results.csv
leave_one_trait_out,species_pair_different_species,CNN,log_body_mass_g,NA,72,-0.12449,NA,NA,0.2974560329025224,0.050556,NA,Output_R/H3_sensitivity/csv/01_loto_results.csv
leave_one_trait_out,species_pair_different_species,CNN,none (full model),NA,72,-0.175046,NA,NA,0.14137239155514608,NA,NA,Output_R/H3_sensitivity/csv/01_loto_results.csv
leave_one_trait_out,species_pair_different_species,ResNet,body_configuration_type,NA,72,-0.054617,NA,NA,0.6486248763441493,0.035254,NA,Output_R/H3_sensitivity/csv/01_loto_results.csv
leave_one_trait_out,species_pair_different_species,ResNet,dominant_feeding_foraging_mode,NA,72,-0.096433,NA,NA,0.42034698616620647,-0.006562,NA,Output_R/H3_sensitivity/csv/01_loto_results.csv
leave_one_trait_out,species_pair_different_species,ResNet,dominant_locomotor_mode,NA,72,-0.135032,NA,NA,0.25808972737070845,-0.045161,NA,Output_R/H3_sensitivity/csv/01_loto_results.csv
leave_one_trait_out,species_pair_different_species,ResNet,expected_directional_change_tendency,NA,72,-0.055003,NA,NA,0.6463070230417611,0.034868,NA,Output_R/H3_sensitivity/csv/01_loto_results.csv
leave_one_trait_out,species_pair_different_species,ResNet,expected_head_neck_contribution_to_acceleration_relevant_motion,NA,72,-0.021554,NA,NA,0.8573801593131936,0.068317,NA,Output_R/H3_sensitivity/csv/01_loto_results.csv
leave_one_trait_out,species_pair_different_species,ResNet,expected_trunk_motion_amplitude,NA,72,-0.037698,NA,NA,0.7532222384258971,0.052173,NA,Output_R/H3_sensitivity/csv/01_loto_results.csv
leave_one_trait_out,species_pair_different_species,ResNet,log_body_mass_g,NA,72,-0.051619,NA,NA,0.6667401153017387,0.038252,NA,Output_R/H3_sensitivity/csv/01_loto_results.csv
leave_one_trait_out,species_pair_different_species,ResNet,none (full model),NA,72,-0.089871,NA,NA,0.45279969619409266,NA,NA,Output_R/H3_sensitivity/csv/01_loto_results.csv
leave_one_trait_out,species_pair_different_species,HYDRA,body_configuration_type,NA,72,-0.060472,NA,NA,0.6138398053269727,0.056226,NA,Output_R/H3_sensitivity/csv/01_loto_results.csv
leave_one_trait_out,species_pair_different_species,HYDRA,dominant_feeding_foraging_mode,NA,72,-0.145518,NA,NA,0.22259642738455912,-0.02882,NA,Output_R/H3_sensitivity/csv/01_loto_results.csv
leave_one_trait_out,species_pair_different_species,HYDRA,dominant_locomotor_mode,NA,72,-0.219435,NA,NA,0.06402309648697345,-0.102737,NA,Output_R/H3_sensitivity/csv/01_loto_results.csv
leave_one_trait_out,species_pair_different_species,HYDRA,expected_directional_change_tendency,NA,72,-0.059249,NA,NA,0.6210360833886515,0.057448,NA,Output_R/H3_sensitivity/csv/01_loto_results.csv
leave_one_trait_out,species_pair_different_species,HYDRA,expected_head_neck_contribution_to_acceleration_relevant_motion,NA,72,-0.116744,NA,NA,0.32875889670643266,-4.7e-5,NA,Output_R/H3_sensitivity/csv/01_loto_results.csv
leave_one_trait_out,species_pair_different_species,HYDRA,expected_trunk_motion_amplitude,NA,72,-0.091737,NA,NA,0.4434348216220765,0.024961,NA,Output_R/H3_sensitivity/csv/01_loto_results.csv
leave_one_trait_out,species_pair_different_species,HYDRA,log_body_mass_g,NA,72,-0.091526,NA,NA,0.4444856441128795,0.025171,NA,Output_R/H3_sensitivity/csv/01_loto_results.csv
leave_one_trait_out,species_pair_different_species,HYDRA,none (full model),NA,72,-0.116697,NA,NA,0.3289557997342587,NA,NA,Output_R/H3_sensitivity/csv/01_loto_results.csv
leave_one_trait_out,species_pair_different_species,MultiRocket,body_configuration_type,NA,72,-0.230114,NA,NA,0.05182461061312387,0.059571,NA,Output_R/H3_sensitivity/csv/01_loto_results.csv
leave_one_trait_out,species_pair_different_species,MultiRocket,dominant_feeding_foraging_mode,NA,72,-0.315546,NA,NA,0.00693419872415711,-0.025861,NA,Output_R/H3_sensitivity/csv/01_loto_results.csv
leave_one_trait_out,species_pair_different_species,MultiRocket,dominant_locomotor_mode,NA,72,-0.376468,NA,NA,0.00111676880058861,-0.086783,NA,Output_R/H3_sensitivity/csv/01_loto_results.csv
leave_one_trait_out,species_pair_different_species,MultiRocket,expected_directional_change_tendency,NA,72,-0.210428,NA,NA,0.07602742698940995,0.079256,NA,Output_R/H3_sensitivity/csv/01_loto_results.csv
leave_one_trait_out,species_pair_different_species,MultiRocket,expected_head_neck_contribution_to_acceleration_relevant_motion,NA,72,-0.221683,NA,NA,0.06127914991292792,0.068002,NA,Output_R/H3_sensitivity/csv/01_loto_results.csv
leave_one_trait_out,species_pair_different_species,MultiRocket,expected_trunk_motion_amplitude,NA,72,-0.232687,NA,NA,0.04918932588385552,0.056998,NA,Output_R/H3_sensitivity/csv/01_loto_results.csv
leave_one_trait_out,species_pair_different_species,MultiRocket,log_body_mass_g,NA,72,-0.290087,NA,NA,0.01344375325282855,-4.03e-4,NA,Output_R/H3_sensitivity/csv/01_loto_results.csv
leave_one_trait_out,species_pair_different_species,MultiRocket,none (full model),NA,72,-0.289684,NA,NA,0.0135792074394742,NA,NA,Output_R/H3_sensitivity/csv/01_loto_results.csv
leave_one_trait_out,species_pair_different_species,RF,body_configuration_type,NA,72,-0.271736,NA,NA,0.02094164786650382,0.050436,NA,Output_R/H3_sensitivity/csv/01_loto_results.csv
leave_one_trait_out,species_pair_different_species,RF,dominant_feeding_foraging_mode,NA,72,-0.340506,NA,NA,0.00342551424385965,-0.018334,NA,Output_R/H3_sensitivity/csv/01_loto_results.csv
leave_one_trait_out,species_pair_different_species,RF,dominant_locomotor_mode,NA,72,-0.385345,NA,NA,8.298923630629212e-4,-0.063173000000000007,NA,Output_R/H3_sensitivity/csv/01_loto_results.csv
leave_one_trait_out,species_pair_different_species,RF,expected_directional_change_tendency,NA,72,-0.269742,NA,NA,0.02193862309926866,0.05243,NA,Output_R/H3_sensitivity/csv/01_loto_results.csv
leave_one_trait_out,species_pair_different_species,RF,expected_head_neck_contribution_to_acceleration_relevant_motion,NA,72,-0.242368,NA,NA,0.04024179163157415,0.079804,NA,Output_R/H3_sensitivity/csv/01_loto_results.csv
leave_one_trait_out,species_pair_different_species,RF,expected_trunk_motion_amplitude,NA,72,-0.258934,NA,NA,0.0280719242028897,0.063238,NA,Output_R/H3_sensitivity/csv/01_loto_results.csv
leave_one_trait_out,species_pair_different_species,RF,log_body_mass_g,NA,72,-0.333887,NA,NA,0.00415312468893142,-0.011716,NA,Output_R/H3_sensitivity/csv/01_loto_results.csv
leave_one_trait_out,species_pair_different_species,RF,none (full model),NA,72,-0.322172,NA,NA,0.00578235610613675,NA,NA,Output_R/H3_sensitivity/csv/01_loto_results.csv
leave_one_trait_out,species_pair_different_species,LGBM,body_configuration_type,NA,72,-0.330599,NA,NA,0.00456318665642921,0.035897,NA,Output_R/H3_sensitivity/csv/01_loto_results.csv
leave_one_trait_out,species_pair_different_species,LGBM,dominant_feeding_foraging_mode,NA,72,-0.38155,NA,NA,9.431693889823872e-4,-0.015054,NA,Output_R/H3_sensitivity/csv/01_loto_results.csv
leave_one_trait_out,species_pair_different_species,LGBM,dominant_locomotor_mode,NA,72,-0.392936,NA,NA,6.395596218886488e-4,-0.02644,NA,Output_R/H3_sensitivity/csv/01_loto_results.csv
leave_one_trait_out,species_pair_different_species,LGBM,expected_directional_change_tendency,NA,72,-0.330857,NA,NA,0.00452984791866102,0.03564,NA,Output_R/H3_sensitivity/csv/01_loto_results.csv
leave_one_trait_out,species_pair_different_species,LGBM,expected_head_neck_contribution_to_acceleration_relevant_motion,NA,72,-0.289947,NA,NA,0.01349077957037194,0.076549,NA,Output_R/H3_sensitivity/csv/01_loto_results.csv
leave_one_trait_out,species_pair_different_species,LGBM,expected_trunk_motion_amplitude,NA,72,-0.304223,NA,NA,0.009373043407972,0.062273,NA,Output_R/H3_sensitivity/csv/01_loto_results.csv
leave_one_trait_out,species_pair_different_species,LGBM,log_body_mass_g,NA,72,-0.373664,NA,NA,0.00122442958564786,-0.007168,NA,Output_R/H3_sensitivity/csv/01_loto_results.csv
leave_one_trait_out,species_pair_different_species,LGBM,none (full model),NA,72,-0.366496,NA,NA,0.00154365972848189,NA,NA,Output_R/H3_sensitivity/csv/01_loto_results.csv
leave_one_species_out,species_pair_different_species,overall,Bison bonasus,NA,336,-0.222887,NA,NA,3.750599300351292e-5,NA,NA,Output_R/H3_sensitivity/csv/03_loso_results.csv
leave_one_species_out,species_pair_different_species,overall,Bos taurus,NA,336,-0.26126,NA,NA,1.1994678010588977e-6,NA,NA,Output_R/H3_sensitivity/csv/03_loso_results.csv
leave_one_species_out,species_pair_different_species,overall,Canis lupus familiaris,NA,336,-0.167929,NA,NA,0.00201052347881474,NA,NA,Output_R/H3_sensitivity/csv/03_loso_results.csv
leave_one_species_out,species_pair_different_species,overall,Equus caballus,NA,336,-0.251274,NA,NA,3.104268862178577e-6,NA,NA,Output_R/H3_sensitivity/csv/03_loso_results.csv
leave_one_species_out,species_pair_different_species,overall,Equus ferus przewalskii,NA,336,-0.124936,NA,NA,0.02198873826672312,NA,NA,Output_R/H3_sensitivity/csv/03_loso_results.csv
leave_one_species_out,species_pair_different_species,overall,Erinaceus europaeus,NA,336,-0.094502,NA,NA,0.08369093519880758,NA,NA,Output_R/H3_sensitivity/csv/03_loso_results.csv
leave_one_species_out,species_pair_different_species,overall,Giraffa camelopardalis,NA,336,-0.204156,NA,NA,1.6452557622442134e-4,NA,NA,Output_R/H3_sensitivity/csv/03_loso_results.csv
leave_one_species_out,species_pair_different_species,overall,Procyon lotor,NA,336,-0.259775,NA,NA,1.3851417053874e-6,NA,NA,Output_R/H3_sensitivity/csv/03_loso_results.csv
leave_one_species_out,species_pair_different_species,overall,Vulpes vulpes,NA,336,-0.178352,NA,NA,0.00102553458928307,NA,NA,Output_R/H3_sensitivity/csv/03_loso_results.csv
leave_one_species_out,species_pair_different_species,overall,none (full),NA,432,-0.198219,NA,NA,3.336335830765092e-5,NA,NA,Output_R/H3_sensitivity/csv/03_loso_results.csv
leave_one_species_out,species_pair_different_species,CNN,Bison bonasus,NA,56,-0.175887,NA,NA,0.19474501729366567,NA,NA,Output_R/H3_sensitivity/csv/03_loso_results.csv
leave_one_species_out,species_pair_different_species,CNN,Bos taurus,NA,56,-0.212542,NA,NA,0.1157945956390838,NA,NA,Output_R/H3_sensitivity/csv/03_loso_results.csv
leave_one_species_out,species_pair_different_species,CNN,Canis lupus familiaris,NA,56,-0.181768,NA,NA,0.1800012059233271,NA,NA,Output_R/H3_sensitivity/csv/03_loso_results.csv
leave_one_species_out,species_pair_different_species,CNN,Equus caballus,NA,56,-0.286672,NA,NA,0.03218934885212154,NA,NA,Output_R/H3_sensitivity/csv/03_loso_results.csv
leave_one_species_out,species_pair_different_species,CNN,Equus ferus przewalskii,NA,56,-0.099843,NA,NA,0.46408599910614046,NA,NA,Output_R/H3_sensitivity/csv/03_loso_results.csv
leave_one_species_out,species_pair_different_species,CNN,Erinaceus europaeus,NA,56,-0.059495,NA,NA,0.6631511284712908,NA,NA,Output_R/H3_sensitivity/csv/03_loso_results.csv
leave_one_species_out,species_pair_different_species,CNN,Giraffa camelopardalis,NA,56,-0.180264,NA,NA,0.18369373915209317,NA,NA,Output_R/H3_sensitivity/csv/03_loso_results.csv
leave_one_species_out,species_pair_different_species,CNN,Procyon lotor,NA,56,-0.241674,NA,NA,0.07274357752090453,NA,NA,Output_R/H3_sensitivity/csv/03_loso_results.csv
leave_one_species_out,species_pair_different_species,CNN,Vulpes vulpes,NA,56,-0.162621,NA,NA,0.2311179261824531,NA,NA,Output_R/H3_sensitivity/csv/03_loso_results.csv
leave_one_species_out,species_pair_different_species,CNN,none (full),NA,72,-0.175046,NA,NA,0.14137239155514608,NA,NA,Output_R/H3_sensitivity/csv/03_loso_results.csv
leave_one_species_out,species_pair_different_species,ResNet,Bison bonasus,NA,56,-0.141695,NA,NA,0.2975521366143638,NA,NA,Output_R/H3_sensitivity/csv/03_loso_results.csv
leave_one_species_out,species_pair_different_species,ResNet,Bos taurus,NA,56,-0.238392,NA,NA,0.07683883889168806,NA,NA,Output_R/H3_sensitivity/csv/03_loso_results.csv
leave_one_species_out,species_pair_different_species,ResNet,Canis lupus familiaris,NA,56,-0.051699,NA,NA,0.7051259711072972,NA,NA,Output_R/H3_sensitivity/csv/03_loso_results.csv
leave_one_species_out,species_pair_different_species,ResNet,Equus caballus,NA,56,-0.138959,NA,NA,0.30707089728986453,NA,NA,Output_R/H3_sensitivity/csv/03_loso_results.csv
leave_one_species_out,species_pair_different_species,ResNet,Equus ferus przewalskii,NA,56,-0.074677,NA,NA,0.5843847140747627,NA,NA,Output_R/H3_sensitivity/csv/03_loso_results.csv
leave_one_species_out,species_pair_different_species,ResNet,Erinaceus europaeus,NA,56,0.056623,NA,NA,0.6785045712206808,NA,NA,Output_R/H3_sensitivity/csv/03_loso_results.csv
leave_one_species_out,species_pair_different_species,ResNet,Giraffa camelopardalis,NA,56,0.007386,NA,NA,0.9569167473301058,NA,NA,Output_R/H3_sensitivity/csv/03_loso_results.csv
leave_one_species_out,species_pair_different_species,ResNet,Procyon lotor,NA,56,-0.156876,NA,NA,0.2482370162895337,NA,NA,Output_R/H3_sensitivity/csv/03_loso_results.csv
leave_one_species_out,species_pair_different_species,ResNet,Vulpes vulpes,NA,56,-0.066881,NA,NA,0.624309479758438,NA,NA,Output_R/H3_sensitivity/csv/03_loso_results.csv
leave_one_species_out,species_pair_different_species,ResNet,none (full),NA,72,-0.089871,NA,NA,0.45279969619409266,NA,NA,Output_R/H3_sensitivity/csv/03_loso_results.csv
leave_one_species_out,species_pair_different_species,HYDRA,Bison bonasus,NA,56,-0.115708,NA,NA,0.39576523403018904,NA,NA,Output_R/H3_sensitivity/csv/03_loso_results.csv
leave_one_species_out,species_pair_different_species,HYDRA,Bos taurus,NA,56,-0.162347,NA,NA,0.23191414672043428,NA,NA,Output_R/H3_sensitivity/csv/03_loso_results.csv
leave_one_species_out,species_pair_different_species,HYDRA,Canis lupus familiaris,NA,56,-0.024892,NA,NA,0.8555013605926686,NA,NA,Output_R/H3_sensitivity/csv/03_loso_results.csv
leave_one_species_out,species_pair_different_species,HYDRA,Equus caballus,NA,56,-0.248923,NA,NA,0.06431455725792476,NA,NA,Output_R/H3_sensitivity/csv/03_loso_results.csv
leave_one_species_out,species_pair_different_species,HYDRA,Equus ferus przewalskii,NA,56,0.044451,NA,NA,0.7449572778968406,NA,NA,Output_R/H3_sensitivity/csv/03_loso_results.csv
leave_one_species_out,species_pair_different_species,HYDRA,Erinaceus europaeus,NA,56,-0.104356,NA,NA,0.444027455870472,NA,NA,Output_R/H3_sensitivity/csv/03_loso_results.csv
leave_one_species_out,species_pair_different_species,HYDRA,Giraffa camelopardalis,NA,56,-0.211311,NA,NA,0.11796971438766672,NA,NA,Output_R/H3_sensitivity/csv/03_loso_results.csv
leave_one_species_out,species_pair_different_species,HYDRA,Procyon lotor,NA,56,-0.205703,NA,NA,0.12827463953961857,NA,NA,Output_R/H3_sensitivity/csv/03_loso_results.csv
leave_one_species_out,species_pair_different_species,HYDRA,Vulpes vulpes,NA,56,-0.047459,NA,NA,0.728336038616583,NA,NA,Output_R/H3_sensitivity/csv/03_loso_results.csv
leave_one_species_out,species_pair_different_species,HYDRA,none (full),NA,72,-0.116697,NA,NA,0.3289557997342587,NA,NA,Output_R/H3_sensitivity/csv/03_loso_results.csv
leave_one_species_out,species_pair_different_species,MultiRocket,Bison bonasus,NA,56,-0.355741,NA,NA,0.00712983694105235,NA,NA,Output_R/H3_sensitivity/csv/03_loso_results.csv
leave_one_species_out,species_pair_different_species,MultiRocket,Bos taurus,NA,56,-0.33673,NA,NA,0.01116143350005795,NA,NA,Output_R/H3_sensitivity/csv/03_loso_results.csv
leave_one_species_out,species_pair_different_species,MultiRocket,Canis lupus familiaris,NA,56,-0.246871,NA,NA,0.06661640928515111,NA,NA,Output_R/H3_sensitivity/csv/03_loso_results.csv
leave_one_species_out,species_pair_different_species,MultiRocket,Equus caballus,NA,56,-0.346577,NA,NA,0.00887847529119412,NA,NA,Output_R/H3_sensitivity/csv/03_loso_results.csv
leave_one_species_out,species_pair_different_species,MultiRocket,Equus ferus przewalskii,NA,56,-0.208849,NA,NA,0.12241323453610892,NA,NA,Output_R/H3_sensitivity/csv/03_loso_results.csv
leave_one_species_out,species_pair_different_species,MultiRocket,Erinaceus europaeus,NA,56,-0.147986,NA,NA,0.27639407222334467,NA,NA,Output_R/H3_sensitivity/csv/03_loso_results.csv
leave_one_species_out,species_pair_different_species,MultiRocket,Giraffa camelopardalis,NA,56,-0.306777,NA,NA,0.02146590005343344,NA,NA,Output_R/H3_sensitivity/csv/03_loso_results.csv
leave_one_species_out,species_pair_different_species,MultiRocket,Procyon lotor,NA,56,-0.378171,NA,NA,0.00405687449120752,NA,NA,Output_R/H3_sensitivity/csv/03_loso_results.csv
leave_one_species_out,species_pair_different_species,MultiRocket,Vulpes vulpes,NA,56,-0.235383,NA,NA,0.08075130501640687,NA,NA,Output_R/H3_sensitivity/csv/03_loso_results.csv
leave_one_species_out,species_pair_different_species,MultiRocket,none (full),NA,72,-0.289684,NA,NA,0.0135792074394742,NA,NA,Output_R/H3_sensitivity/csv/03_loso_results.csv
leave_one_species_out,species_pair_different_species,RF,Bison bonasus,NA,56,-0.403474,NA,NA,0.002046102943968,NA,NA,Output_R/H3_sensitivity/csv/03_loso_results.csv
leave_one_species_out,species_pair_different_species,RF,Bos taurus,NA,56,-0.388566,NA,NA,0.00308212824395447,NA,NA,Output_R/H3_sensitivity/csv/03_loso_results.csv
leave_one_species_out,species_pair_different_species,RF,Canis lupus familiaris,NA,56,-0.309923,NA,NA,0.02009892456341196,NA,NA,Output_R/H3_sensitivity/csv/03_loso_results.csv
leave_one_species_out,species_pair_different_species,RF,Equus caballus,NA,56,-0.361075,NA,NA,0.0062570697687558,NA,NA,Output_R/H3_sensitivity/csv/03_loso_results.csv
leave_one_species_out,species_pair_different_species,RF,Equus ferus przewalskii,NA,56,-0.231827,NA,NA,0.08557597450009184,NA,NA,Output_R/H3_sensitivity/csv/03_loso_results.csv
leave_one_species_out,species_pair_different_species,RF,Erinaceus europaeus,NA,56,-0.112836,NA,NA,0.40767540178420136,NA,NA,Output_R/H3_sensitivity/csv/03_loso_results.csv
leave_one_species_out,species_pair_different_species,RF,Giraffa camelopardalis,NA,56,-0.272037,NA,NA,0.04253449910978502,NA,NA,Output_R/H3_sensitivity/csv/03_loso_results.csv
leave_one_species_out,species_pair_different_species,RF,Procyon lotor,NA,56,-0.422348,NA,NA,0.00118506755462776,NA,NA,Output_R/H3_sensitivity/csv/03_loso_results.csv
leave_one_species_out,species_pair_different_species,RF,Vulpes vulpes,NA,56,-0.324284,NA,NA,0.01475764736879104,NA,NA,Output_R/H3_sensitivity/csv/03_loso_results.csv
leave_one_species_out,species_pair_different_species,RF,none (full),NA,72,-0.322172,NA,NA,0.00578235610613675,NA,NA,Output_R/H3_sensitivity/csv/03_loso_results.csv
leave_one_species_out,species_pair_different_species,LGBM,Bison bonasus,NA,56,-0.451617,NA,NA,4.7629837661089e-4,NA,NA,Output_R/H3_sensitivity/csv/03_loso_results.csv
leave_one_species_out,species_pair_different_species,LGBM,Bos taurus,NA,56,-0.457362,NA,NA,3.944151428522647e-4,NA,NA,Output_R/H3_sensitivity/csv/03_loso_results.csv
leave_one_species_out,species_pair_different_species,LGBM,Canis lupus familiaris,NA,56,-0.361622,NA,NA,0.00617307625712575,NA,NA,Output_R/H3_sensitivity/csv/03_loso_results.csv
leave_one_species_out,species_pair_different_species,LGBM,Equus caballus,NA,56,-0.395952,NA,NA,0.00252184299418829,NA,NA,Output_R/H3_sensitivity/csv/03_loso_results.csv
leave_one_species_out,species_pair_different_species,LGBM,Equus ferus przewalskii,NA,56,-0.259591,NA,NA,0.05335320384680072,NA,NA,Output_R/H3_sensitivity/csv/03_loso_results.csv
leave_one_species_out,species_pair_different_species,LGBM,Erinaceus europaeus,NA,56,-0.063872,NA,NA,0.6400192941708076,NA,NA,Output_R/H3_sensitivity/csv/03_loso_results.csv
leave_one_species_out,species_pair_different_species,LGBM,Giraffa camelopardalis,NA,56,-0.35875,NA,NA,0.00662529588978789,NA,NA,Output_R/H3_sensitivity/csv/03_loso_results.csv
leave_one_species_out,species_pair_different_species,LGBM,Procyon lotor,NA,56,-0.483485,NA,NA,1.6020414746424803e-4,NA,NA,Output_R/H3_sensitivity/csv/03_loso_results.csv
leave_one_species_out,species_pair_different_species,LGBM,Vulpes vulpes,NA,56,-0.370375,NA,NA,0.00495714091825302,NA,NA,Output_R/H3_sensitivity/csv/03_loso_results.csv
leave_one_species_out,species_pair_different_species,LGBM,none (full),NA,72,-0.366496,NA,NA,0.00154365972848189,NA,NA,Output_R/H3_sensitivity/csv/03_loso_results.csv
aggregation_level_sensitivity,different_species_only,overall,NA,A_row,756,-0.183317,NA,NA,3.87281797441045e-7,NA,NA,Output_R/H3_sensitivity/csv/05_pseudoreplication_comparison.csv
aggregation_level_sensitivity,different_species_only,overall,NA,B_dataset_pair,756,-0.183317,NA,NA,3.87281797441045e-7,NA,NA,Output_R/H3_sensitivity/csv/05_pseudoreplication_comparison.csv
aggregation_level_sensitivity,different_species_only,overall,NA,C_species_pair,432,-0.198219,NA,NA,3.336335830765092e-5,NA,NA,Output_R/H3_sensitivity/csv/05_pseudoreplication_comparison.csv
aggregation_level_sensitivity,different_species_only,CNN,NA,A_row,126,-0.159021,NA,NA,0.0753136467945103,NA,NA,Output_R/H3_sensitivity/csv/05_pseudoreplication_comparison.csv
aggregation_level_sensitivity,different_species_only,CNN,NA,B_dataset_pair,126,-0.159021,NA,NA,0.0753136467945103,NA,NA,Output_R/H3_sensitivity/csv/05_pseudoreplication_comparison.csv
aggregation_level_sensitivity,different_species_only,CNN,NA,C_species_pair,72,-0.175046,NA,NA,0.14137239155514608,NA,NA,Output_R/H3_sensitivity/csv/05_pseudoreplication_comparison.csv
aggregation_level_sensitivity,different_species_only,ResNet,NA,A_row,126,-0.103442,NA,NA,0.24904929548811172,NA,NA,Output_R/H3_sensitivity/csv/05_pseudoreplication_comparison.csv
aggregation_level_sensitivity,different_species_only,ResNet,NA,B_dataset_pair,126,-0.103442,NA,NA,0.24904929548811172,NA,NA,Output_R/H3_sensitivity/csv/05_pseudoreplication_comparison.csv
aggregation_level_sensitivity,different_species_only,ResNet,NA,C_species_pair,72,-0.089871,NA,NA,0.45279969619409266,NA,NA,Output_R/H3_sensitivity/csv/05_pseudoreplication_comparison.csv
aggregation_level_sensitivity,different_species_only,HYDRA,NA,A_row,126,-0.163727,NA,NA,0.06696616022355865,NA,NA,Output_R/H3_sensitivity/csv/05_pseudoreplication_comparison.csv
aggregation_level_sensitivity,different_species_only,HYDRA,NA,B_dataset_pair,126,-0.163727,NA,NA,0.06696616022355865,NA,NA,Output_R/H3_sensitivity/csv/05_pseudoreplication_comparison.csv
aggregation_level_sensitivity,different_species_only,HYDRA,NA,C_species_pair,72,-0.116697,NA,NA,0.3289557997342587,NA,NA,Output_R/H3_sensitivity/csv/05_pseudoreplication_comparison.csv
aggregation_level_sensitivity,different_species_only,MultiRocket,NA,A_row,126,-0.293224,NA,NA,8.616631168560363e-4,NA,NA,Output_R/H3_sensitivity/csv/05_pseudoreplication_comparison.csv
aggregation_level_sensitivity,different_species_only,MultiRocket,NA,B_dataset_pair,126,-0.293224,NA,NA,8.616631168560363e-4,NA,NA,Output_R/H3_sensitivity/csv/05_pseudoreplication_comparison.csv
aggregation_level_sensitivity,different_species_only,MultiRocket,NA,C_species_pair,72,-0.289684,NA,NA,0.0135792074394742,NA,NA,Output_R/H3_sensitivity/csv/05_pseudoreplication_comparison.csv
aggregation_level_sensitivity,different_species_only,RF,NA,A_row,126,-0.285546,NA,NA,0.0011908827922546,NA,NA,Output_R/H3_sensitivity/csv/05_pseudoreplication_comparison.csv
aggregation_level_sensitivity,different_species_only,RF,NA,B_dataset_pair,126,-0.285546,NA,NA,0.0011908827922546,NA,NA,Output_R/H3_sensitivity/csv/05_pseudoreplication_comparison.csv
aggregation_level_sensitivity,different_species_only,RF,NA,C_species_pair,72,-0.322172,NA,NA,0.00578235610613675,NA,NA,Output_R/H3_sensitivity/csv/05_pseudoreplication_comparison.csv
aggregation_level_sensitivity,different_species_only,LGBM,NA,A_row,126,-0.279741,NA,NA,0.00151199478122868,NA,NA,Output_R/H3_sensitivity/csv/05_pseudoreplication_comparison.csv
aggregation_level_sensitivity,different_species_only,LGBM,NA,B_dataset_pair,126,-0.279741,NA,NA,0.00151199478122868,NA,NA,Output_R/H3_sensitivity/csv/05_pseudoreplication_comparison.csv
aggregation_level_sensitivity,different_species_only,LGBM,NA,C_species_pair,72,-0.366496,NA,NA,0.00154365972848189,NA,NA,Output_R/H3_sensitivity/csv/05_pseudoreplication_comparison.csv
