species,body_mass_rank,locomotor_mode,body_plan,movement_amplitude,maneuverability,head_neck_motion_importance,postural_compaction
Bison bonasus,4,cursorial,robust_quadruped,moderate,low,high,low
Bos taurus,4,cursorial,robust_quadruped,moderate,low,high,low
Canis lupus familiaris,3,cursorial,standard_quadruped,high,high,moderate,low
Equus caballus,4,cursorial,standard_quadruped,high,moderate,moderate,low
Equus ferus przewalskii,4,cursorial,standard_quadruped,high,moderate,moderate,low
Erinaceus europaeus,1,semifossorial,compact_body,low,low,low,very_high
Giraffa camelopardalis,4,cursorial,tall_long_neck,very_high,low,very_high,low
Procyon lotor,2,scansorial_generalist,standard_quadruped,moderate,high,high,moderate
Vulpes vulpes,2,cursorial,standard_quadruped,high,high,moderate,low
